School,Locality,SEP,QCE,QCIA,VET,SAT,OP,IBD,Senior_Statement_only,PCT_with_QCE_VET_SAT_IBD,PCT_QTAC_applicants_with_tertiary_offer,QCE_N,QCE_VET,QCE_SAT,QCE_CertI,QCE_CertII,QCE_CertIII,QCE_CertIV,QCE_VET_Dip_or_Adv_Dip,QCE_uni_subject_at_school,QCE_VET_Dip_or_Adv_Dip_unit_at_school,not_yet_QCE_N,not_yet_QCE_VET,not_yet_QCE_SAT,not_yet_QCE_CertI,not_yet_QCE_CertII,not_yet_QCE_CertIII,not_yet_QCE_CertIV,not_yet_QCE_VET_Dip_or_AdvDip,not_yet_QCE_uni_subject_at_school,not_yet_QCE_VET_Dip_or_AdvDip_unit_at_school,QCIA_N,QCIA_VET,QCIA_SAT,QCIA_CertI,QCIA_CertII,QCIA_CertIII,OP_N,OP_QCE,OP_VET,OP_SAT,OP_CertI,OP_CertII,OP_CertIII,OP_CertIV,OP_VET_Dip_or_AdvDip,OP_uni_subject_at_school,OP_VET_Dip_or_AdvDip_unit_at_school,OPinelig_N,OPinelig_QCE,OPinelig_VET,OPinelig_SAT,OPinelig_CertI,OPinelig_CertII,OPinelig_CertIII,OPinelig_CertIV,OPinelig_VET_Dip_or_AdvDip,OPinelig_uni_subject_at_school,OPinelig_VET_Dip_or_AdvDip_unit_at_school,OP1_5,OP6_10,OP11_15,OP16_20,OP21_25,IBD_N,IBD_QCE,IBD_VET,IBD_SAT,IBD_CertI,IBD_CertII,IBD_CertIII,IBD_CertIV,IBD_VET_Dip_or_AdvDip,IBD_uni_subject_at_school,IBD_VET_Dip_or_AdvDip_unit_at_school,notIBD_N,notIBD_QCE,notIBD_VET,notIBD_SAT,notIBD_CertI,notIBD_CertII,notIBD_CertIII,notIBD_CertIV,notIBD_VET_Dip_or_AdvDip,notIBD_uni_subject_at_school,notIBD_VET_Dip_or_AdvDip_unit_at_school,IBD45_41,IBD40_36,IBD35_31,IBD30_24
A B Paterson College,Arundel,103,103,--,27,11,76,--,0,100%,97%,103,27,11,9,14,5,--,--,6,4,,,,,,,,,,,,,,,,,76,76,11,--,1,10,--,--,--,6,1,27,27,16,11,8,4,5,--,--,--,3,17,26,28,5,0,,,,,,,,,,,,,,,,,,,,,,,,,,
Aboriginal and Islander Independent Community School,Acacia Ridge,4,1,--,1,1,--,--,2,50%,--,,,,,,,,,,,3,1,1,--,1,--,--,--,--,--,,,,,,,,,,,,,,,,,,,,,,,,,,,,,,,,,,,,,,,,,,,,,,,,,,,,,,,,,,,
Agnew School,Wakerley,35,31,--,29,19,5,--,1,97%,--,31,26,17,--,4,20,--,--,--,4,4,3,2,--,1,--,--,--,--,--,,,,,,,5,5,5,4,--,--,5,--,--,--,--,30,26,24,15,--,5,15,--,--,--,4,0,3,2,0,0,,,,,,,,,,,,,,,,,,,,,,,,,,
Albany Creek State High School,Albany Creek,197,161,--,134,25,112,--,14,90%,96%,161,118,20,95,83,18,--,--,--,23,36,16,5,12,8,2,--,--,--,4,,,,,,,112,101,65,11,53,43,7,--,--,--,17,85,60,69,14,54,48,13,--,--,--,10,15,23,34,37,3,,,,,,,,,,,,,,,,,,,,,,,,,,
Albert Park Flexible Learning Centre,Brisbane,14,3,--,6,--,--,--,7,50%,50%,3,2,--,--,2,--,--,--,--,1,11,4,--,1,2,1,--,--,--,--,,,,,,,,,,,,,,,,,,,,,,,,,,,,,,,,,,,,,,,,,,,,,,,,,,,,,,,,,,,
Aldridge State High School,Maryborough,132,103,2,128,12,61,--,2,98%,92%,103,102,10,101,34,1,--,--,--,3,27,25,2,24,8,--,--,--,--,--,2,1,--,1,--,--,61,55,60,4,60,12,1,--,--,--,1,69,48,67,8,65,30,--,--,--,--,2,12,16,17,15,1,,,,,,,,,,,,,,,,,,,,,,,,,,
Alexandra Hills State High School,Alexandra Hills,232,186,3,126,13,110,--,12,93%,92%,186,96,12,32,76,33,--,--,1,18,43,28,1,12,19,1,--,--,--,6,3,2,--,2,--,--,110,103,33,2,1,29,4,--,--,1,11,119,83,91,11,43,66,30,--,--,--,13,12,28,43,20,7,,,,,,,,,,,,,,,,,,,,,,,,,,
All Hallows' School,Brisbane,237,236,--,87,10,181,--,0,100%,99%,236,87,10,--,79,10,--,--,3,16,,,,,,,,,,,,,,,,,181,180,51,4,--,49,--,--,--,3,3,56,56,36,6,--,30,10,--,--,--,13,54,74,45,8,0,,,,,,,,,,,,,,,,,,,,,,,,,,
All Saints Anglican School,Merrimac,166,163,--,46,12,116,--,0,100%,97%,163,43,10,7,30,11,--,--,10,6,3,3,2,2,1,--,--,--,--,--,,,,,,,116,116,15,3,1,11,2,--,--,6,2,50,47,31,9,8,20,9,--,--,4,4,42,42,25,5,2,,,,,,,,,,,,,,,,,,,,,,,,,,
All Souls St Gabriels School,Charters Towers,46,29,--,6,5,24,--,7,67%,100%,29,4,3,--,1,1,--,--,--,2,17,2,2,--,1,--,--,--,--,--,,,,,,,24,16,--,--,--,--,--,--,--,--,1,22,13,6,5,--,2,1,--,--,--,1,0,5,6,8,5,,,,,,,,,,,,,,,,,,,,,,,,,,
Anglican Church Grammar School,East Brisbane,211,187,--,37,6,188,--,11,91%,95%,187,32,5,--,29,3,--,--,--,9,24,5,1,3,1,--,--,--,--,4,,,,,,,188,180,28,1,--,26,2,--,--,--,11,23,7,9,5,3,4,1,--,--,--,2,52,58,52,23,3,,,,,,,,,,,,,,,,,,,,,,,,,,
Annandale Christian College,Annandale,18,14,--,4,2,11,--,3,83%,89%,14,3,2,--,1,2,--,--,--,1,4,1,--,--,1,--,--,--,--,--,,,,,,,11,11,1,--,--,--,1,--,--,--,--,7,3,3,2,--,2,1,--,--,--,1,1,5,4,1,0,,,,,,,,,,,,,,,,,,,,,,,,,,
Aquinas College,Southport,127,82,1,79,25,67,--,14,84%,98%,82,54,14,12,38,16,--,--,9,12,44,25,11,6,11,5,--,--,--,7,,,,,,,67,58,38,6,9,27,8,--,--,9,5,59,24,41,19,9,22,13,--,--,--,14,13,18,24,11,1,,,,,,,,,,,,,,,,,,,,,,,,,,
Aspley Special School,Aspley,8,--,8,--,--,--,--,0,--,--,,,,,,,,,,,,,,,,,,,,,,,,,,,,,,,,,,,,,,,,,,,,,,,,,,,,,,,,,,,,,,,,,,,,,,,,,,,,,,,
Aspley State High School,Aspley,105,57,--,78,12,64,--,3,88%,90%,57,43,5,2,38,12,--,--,--,6,48,35,7,10,29,2,--,--,--,2,,,,,,,64,48,40,2,--,39,12,--,--,--,6,41,9,38,10,12,28,2,--,--,--,2,4,12,17,20,11,,,,,,,,,,,,,,,,,,,,,,,,,,
Assumption College,Warwick,36,28,--,20,8,24,--,1,89%,100%,28,16,7,5,12,--,--,--,--,2,8,4,1,3,3,--,--,--,--,1,,,,,,,24,20,10,3,2,9,--,--,--,--,1,12,8,10,5,6,6,--,--,--,--,2,2,8,6,7,1,,,,,,,,,,,,,,,,,,,,,,,,,,
Atherton State High School,Atherton,155,93,5,128,38,78,--,8,88%,98%,93,84,26,56,60,15,--,--,--,3,57,43,12,27,27,2,--,--,--,--,5,1,--,1,--,--,78,65,63,14,41,39,6,--,--,--,--,72,28,64,24,42,48,11,--,--,--,3,17,18,27,14,2,,,,,,,,,,,,,,,,,,,,,,,,,,
Australian Trade College North Brisbane,Scarborough,123,116,--,123,108,--,--,0,100%,--,116,116,103,8,114,2,--,--,--,3,7,7,5,--,3,--,--,--,--,--,,,,,,,,,,,,,,,,,,,,,,,,,,,,,,,,,,,,,,,,,,,,,,,,,,,,,,,,,,,
Aviation High School,Clayfield,36,14,--,8,3,17,--,8,56%,91%,14,2,1,2,1,--,--,--,--,--,22,6,2,5,--,--,--,--,--,--,,,,,,,17,8,1,--,1,--,--,--,--,--,--,19,6,7,3,6,1,--,--,--,--,--,1,2,5,5,4,,,,,,,,,,,,,,,,,,,,,,,,,,
Ayr State High School,Ayr,68,48,--,25,10,31,--,13,78%,96%,48,20,7,8,8,--,--,--,--,1,20,5,3,2,--,--,--,--,--,1,,,,,,,31,29,7,3,--,6,--,--,--,--,1,37,19,18,7,10,2,--,--,--,--,1,4,6,13,7,1,,,,,,,,,,,,,,,,,,,,,,,,,,
Babinda State School,Babinda,25,20,--,7,3,15,--,2,88%,89%,20,5,2,2,2,--,--,--,--,--,5,2,1,2,--,--,--,--,--,--,,,,,,,15,14,1,--,--,1,--,--,--,--,--,10,6,6,3,4,1,--,--,--,--,--,3,4,6,2,0,,,,,,,,,,,,,,,,,,,,,,,,,,
Balmoral State High School,Morningside,59,38,--,33,7,42,--,3,88%,89%,38,23,4,2,21,--,--,--,--,2,21,10,3,5,4,--,--,--,--,2,,,,,,,42,33,23,4,2,21,--,--,--,--,4,17,5,10,3,5,4,--,--,--,--,--,2,9,10,17,4,,,,,,,,,,,,,,,,,,,,,,,,,,
Barcaldine Prep-12 State School,Barcaldine,20,16,1,10,8,8,--,1,95%,88%,16,7,5,--,3,1,--,--,--,--,3,2,2,--,1,--,--,--,--,--,1,1,1,--,--,--,8,8,2,2,--,--,--,--,--,--,--,11,8,7,5,--,4,1,--,--,--,--,0,2,6,0,0,,,,,,,,,,,,,,,,,,,,,,,,,,
Beaudesert State High School,Beaudesert,166,86,4,92,42,98,--,5,83%,98%,86,41,19,21,19,4,--,--,--,2,76,47,23,37,13,2,--,--,--,3,4,4,--,4,--,--,98,68,29,17,6,13,5,--,--,--,4,64,18,59,25,52,19,1,--,--,--,1,15,25,28,26,4,,,,,,,,,,,,,,,,,,,,,,,,,,
Beenleigh Special School,Mount Warren Park,10,--,8,--,--,--,--,2,0%,--,,,,,,,,,,,,,,,,,,,,,,,,,,,,,,,,,,,,,,,,,,,,,,,,,,,,,,,,,,,,,,,,,,,,,,,,,,,,,,,
Beenleigh State High School,Beenleigh,91,47,--,78,18,33,--,1,93%,92%,47,40,11,25,36,11,--,--,--,4,44,38,7,21,28,4,--,--,1,5,,,,,,,33,19,21,4,9,17,6,--,--,--,5,58,28,57,14,37,47,9,--,--,1,4,2,3,8,11,9,,,,,,,,,,,,,,,,,,,,,,,,,,
Beerwah State High School,Beerwah,129,87,--,40,33,83,--,20,75%,97%,87,30,26,1,21,2,--,--,1,3,42,10,7,1,7,1,--,--,--,3,,,,,,,83,66,25,18,2,18,2,--,--,1,3,46,21,15,15,--,10,1,--,--,--,3,9,25,22,23,4,,,,,,,,,,,,,,,,,,,,,,,,,,
Benowa State High School,Benowa,194,157,--,129,25,98,--,0,96%,89%,157,100,18,70,36,37,--,11,3,27,37,29,7,28,6,6,--,1,--,7,,,,,,,98,89,33,2,2,18,16,--,9,3,16,96,68,96,23,96,24,27,--,3,--,18,9,23,25,34,7,,,,,,,,,,,,,,,,,,,,,,,,,,
Bentley Park College,Edmonton,82,37,4,51,9,26,--,18,72%,75%,37,29,3,27,9,5,--,2,--,3,41,22,6,21,4,--,--,--,--,2,,,,,,,26,21,20,1,19,2,1,--,--,--,--,52,16,31,8,29,11,4,--,2,--,5,0,2,9,10,5,,,,,,,,,,,,,,,,,,,,,,,,,,
Biloela State High School,Biloela,63,35,1,38,8,29,--,2,83%,100%,35,21,3,11,10,8,--,--,3,2,27,16,5,14,2,--,--,--,--,--,1,1,--,1,--,--,29,20,6,--,1,3,2,--,--,3,1,33,15,31,8,24,9,6,--,--,--,1,9,10,9,1,0,,,,,,,,,,,,,,,,,,,,,,,,,,
Blackall State School,Blackall,9,7,1,5,1,3,--,1,78%,100%,7,5,1,--,5,--,--,--,--,--,,,,,,,,,,,,,,,,,3,3,2,--,--,2,--,--,--,--,--,5,4,3,1,--,3,--,--,--,--,--,2,0,1,0,0,,,,,,,,,,,,,,,,,,,,,,,,,,
Blackheath and Thornburgh College,Charters Towers,25,15,--,13,3,13,--,2,84%,100%,15,7,2,3,3,1,1,--,--,--,10,6,1,1,4,--,1,--,--,--,,,,,,,13,9,4,2,--,1,1,1,--,--,--,12,6,9,1,4,6,--,1,--,--,--,0,4,4,5,0,,,,,,,,,,,,,,,,,,,,,,,,,,
Blackwater State High School,Blackwater,51,42,--,51,18,16,--,0,100%,93%,42,42,17,13,42,6,--,--,--,2,9,9,1,5,9,--,--,--,--,--,,,,,,,16,13,16,2,2,16,1,--,--,--,1,35,29,35,16,16,35,5,--,--,--,1,0,3,5,7,1,,,,,,,,,,,,,,,,,,,,,,,,,,
Boonah State High School,Boonah,83,52,--,36,13,41,--,8,82%,89%,52,20,7,9,14,3,1,--,--,6,31,16,6,5,8,1,--,--,--,1,,,,,,,41,31,8,1,2,4,--,1,--,--,3,42,21,28,12,12,18,4,--,--,--,4,4,8,7,18,4,,,,,,,,,,,,,,,,,,,,,,,,,,
Bowen State High School,Bowen,85,61,--,55,13,40,--,5,89%,83%,61,40,9,6,33,6,--,--,--,2,24,15,4,4,10,--,--,--,--,1,,,,,,,40,33,16,4,--,12,1,--,--,--,1,45,28,39,9,10,31,5,--,--,--,2,5,11,15,9,0,,,,,,,,,,,,,,,,,,,,,,,,,,
Bracken Ridge State High School,Bracken Ridge,69,45,--,67,9,36,--,0,100%,92%,45,43,5,43,8,--,--,--,--,6,24,24,4,23,4,--,--,--,--,1,,,,,,,36,31,36,3,36,4,--,--,--,--,5,33,14,31,6,30,8,--,--,--,--,2,6,9,14,5,2,,,,,,,,,,,,,,,,,,,,,,,,,,
Bray Park State High School,Bray Park,90,67,--,78,9,48,--,2,96%,96%,67,59,8,35,48,7,--,--,--,11,23,19,1,18,14,--,--,--,--,--,,,,,,,48,45,38,2,22,29,6,--,--,--,8,42,22,40,7,31,33,1,--,--,--,3,4,12,15,13,4,,,,,,,,,,,,,,,,,,,,,,,,,,
Bremer State High School,Ipswich,137,62,--,44,6,67,--,37,59%,85%,62,25,2,3,20,1,--,--,--,6,75,19,4,14,2,1,--,--,--,2,,,,,,,67,46,18,1,1,16,1,--,--,--,5,70,16,26,5,16,6,1,--,--,--,3,4,20,18,20,5,,,,,,,,,,,,,,,,,,,,,,,,,,
Bribie Island State High School,Bribie Island,127,90,2,75,33,57,--,12,85%,93%,90,57,23,28,31,5,--,--,--,8,35,18,10,9,6,1,--,--,--,--,,,,,,,57,50,24,9,3,16,4,--,--,--,8,68,40,51,24,34,21,2,--,--,--,--,2,9,22,20,4,,,,,,,,,,,,,,,,,,,,,,,,,,
Brigidine College,Indooroopilly,95,90,--,16,1,90,--,1,96%,98%,90,15,1,--,15,--,--,--,--,11,5,1,--,--,1,--,--,--,--,1,,,,,,,90,87,14,1,--,14,--,--,--,--,11,5,3,2,--,--,2,--,--,--,--,1,13,27,21,26,3,,,,,,,,,,,,,,,,,,,,,,,,,,
Brisbane Adventist College,Wishart,37,30,--,1,--,34,--,2,81%,88%,30,1,--,--,1,--,--,--,--,2,7,--,--,--,--,--,--,--,--,1,,,,,,,34,29,1,--,--,1,--,--,--,--,2,3,1,--,--,--,--,--,--,--,--,1,8,9,8,6,3,,,,,,,,,,,,,,,,,,,,,,,,,,
Brisbane Bayside State College,Wynnum West,88,68,3,68,11,38,--,3,95%,79%,68,52,7,35,42,8,--,--,--,14,17,14,4,9,9,--,--,--,--,2,3,2,--,2,--,1,38,36,22,5,6,14,4,--,--,--,11,47,32,44,6,38,37,4,--,--,--,5,6,7,8,12,5,,,,,,,,,,,,,,,,,,,,,,,,,,
Brisbane Boys' College,Toowong,211,180,--,23,11,151,--,18,89%,94%,180,15,4,--,13,1,--,--,6,5,31,8,7,--,2,1,--,--,--,7,,,,,,,151,146,11,1,--,11,--,--,--,6,2,60,34,12,10,--,4,2,--,--,--,10,66,52,23,8,2,,,,,,,,,,,,,,,,,,,,,,,,,,
Brisbane Christian College,Salisbury,25,11,--,5,1,21,--,3,48%,79%,11,4,--,--,4,--,--,--,--,--,14,1,1,--,--,--,--,--,--,2,,,,,,,21,11,4,--,--,4,--,--,--,--,2,4,0,1,1,--,--,--,--,--,--,--,2,3,6,6,4,,,,,,,,,,,,,,,,,,,,,,,,,,
Brisbane Girls Grammar School,Brisbane,226,223,--,27,--,224,--,0,99%,100%,223,26,--,--,26,--,--,--,2,7,3,1,--,--,1,--,--,--,--,--,,,,,,,224,222,26,--,--,26,--,--,--,2,7,2,1,1,--,--,1,--,--,--,--,--,97,70,45,11,1,,,,,,,,,,,,,,,,,,,,,,,,,,
Brisbane Grammar School,Brisbane,239,226,--,--,--,238,--,1,95%,98%,226,--,--,--,--,--,--,--,--,3,13,--,--,--,--,--,--,--,--,3,,,,,,,238,226,--,--,--,--,--,--,--,--,6,,,,,,,,,,,,119,68,35,15,1,,,,,,,,,,,,,,,,,,,,,,,,,,
Brisbane School of Distance Education,Coorparoo,82,35,1,25,11,26,--,30,59%,92%,35,12,5,2,7,3,1,--,3,3,46,13,6,3,6,2,--,--,1,4,,,,,,,26,20,5,2,2,2,1,--,--,3,2,55,15,20,9,3,11,4,1,--,1,5,9,8,6,3,0,,,,,,,,,,,,,,,,,,,,,,,,,,
Brisbane State High School,South Brisbane,411,366,--,93,29,363,--,14,92%,96%,366,80,22,1,62,19,3,--,31,21,45,13,7,1,8,1,--,--,1,6,,,,,,,363,341,62,10,1,49,6,2,--,32,22,48,25,31,19,1,21,14,1,--,--,5,116,121,72,43,11,,,,,,,,,,,,,,,,,,,,,,,,,,
Brisbane Youth Education Training Centre,Wacol,6,1,--,5,--,--,--,1,83%,--,1,1,--,1,1,--,--,--,--,--,5,4,--,4,--,--,--,--,--,--,,,,,,,,,,,,,,,,,,,,,,,,,,,,,,,,,,,,,,,,,,,,,,,,,,,,,,,,,,,
Browns Plains State High School,Browns Plains,155,126,--,111,25,60,--,9,92%,93%,126,95,15,50,69,9,--,--,--,14,29,16,10,6,10,--,--,--,--,3,,,,,,,60,55,38,--,14,26,--,--,--,--,10,95,71,73,25,42,53,9,--,--,--,7,7,9,19,21,4,,,,,,,,,,,,,,,,,,,,,,,,,,
Bundaberg Christian College,Bundaberg,38,27,--,10,8,32,--,3,76%,100%,27,8,7,2,2,--,--,--,1,2,11,2,1,--,1,--,--,--,--,--,,,,,,,32,25,7,6,2,1,--,--,--,1,2,6,2,3,2,--,2,--,--,--,--,--,5,5,10,8,4,,,,,,,,,,,,,,,,,,,,,,,,,,
Bundaberg North State High School,Bundaberg North,132,85,--,79,12,58,--,10,89%,93%,85,47,6,9,43,1,--,--,--,--,47,32,6,14,24,1,--,--,--,1,,,,,,,58,51,20,3,--,20,--,--,--,--,1,74,34,59,9,23,47,2,--,--,--,--,13,15,12,18,0,,,,,,,,,,,,,,,,,,,,,,,,,,
Bundaberg Special School,Bundaberg,14,--,5,3,--,--,--,6,21%,--,,,,,,,,,,,9,3,--,2,--,--,--,1,--,1,,,,,,,,,,,,,,,,,,,,,,,,,,,,,,,,,,,,,,,,,,,,,,,,,,,,,,,,,,,
Bundaberg State High School,Bundaberg,189,126,12,152,21,96,--,13,89%,89%,126,110,12,98,47,20,6,--,--,3,52,37,9,30,9,1,--,--,--,--,12,6,--,6,2,--,96,83,82,11,73,29,9,6,--,--,1,81,42,64,10,54,26,12,--,--,--,2,12,22,37,22,3,,,,,,,,,,,,,,,,,,,,,,,,,,
Bundamba State Secondary College,Bundamba,95,28,--,52,10,34,--,16,69%,85%,28,14,2,7,12,2,--,--,--,3,67,38,8,26,16,--,--,--,--,4,,,,,,,34,16,9,2,2,7,1,--,--,--,2,61,12,43,8,31,21,1,--,--,--,5,1,2,8,12,11,,,,,,,,,,,,,,,,,,,,,,,,,,
Burdekin Catholic High School,Ayr,35,32,--,22,2,22,--,1,97%,100%,32,20,1,14,19,--,--,--,--,--,3,2,1,2,1,--,--,--,--,--,,,,,,,22,22,11,--,5,11,--,--,--,--,--,13,10,11,2,11,9,--,--,--,--,--,8,6,3,4,1,,,,,,,,,,,,,,,,,,,,,,,,,,
Burdekin School,Ayr,1,--,1,--,--,--,--,0,--,--,,,,,,,,,,,,,,,,,,,,,,,,,,,,,,,,,,,,,,,,,,,,,,,,,,,,,,,,,,,,,,,,,,,,,,,,,,,,,,,
Burnett State College,Gayndah,36,26,3,30,8,15,--,0,89%,91%,26,24,6,17,21,5,--,--,--,--,7,6,2,4,2,--,--,--,--,1,,,,,,,15,14,12,2,9,10,2,--,--,--,--,18,12,18,6,12,13,3,--,--,--,1,2,3,6,4,0,,,,,,,,,,,,,,,,,,,,,,,,,,
Burnside State High School,Nambour,79,45,--,61,37,34,--,14,81%,91%,45,42,28,11,27,6,--,--,--,1,34,19,9,11,9,--,--,--,--,--,,,,,,,34,30,30,19,7,20,4,--,--,--,--,45,15,31,18,15,16,2,--,--,--,1,1,8,11,12,2,,,,,,,,,,,,,,,,,,,,,,,,,,
Caboolture Special School,Morayfield,13,--,13,3,--,--,--,0,23%,--,,,,,,,,,,,,,,,,,,,,,13,3,--,2,1,--,,,,,,,,,,,,,,,,,,,,,,,,,,,,,,,,,,,,,,,,,,,,,,,,,,,,,
Caboolture State High School,Caboolture,155,106,--,103,22,77,--,20,84%,91%,106,79,17,19,66,18,--,--,--,9,49,24,5,11,12,--,--,--,--,6,,,,,,,77,67,49,6,2,45,11,--,--,--,6,78,39,54,16,28,33,7,--,--,--,9,8,16,24,14,15,,,,,,,,,,,,,,,,,,,,,,,,,,
Cairns School of Distance Education,Manunda Cairns,7,3,1,3,3,1,--,1,71%,100%,3,1,1,--,--,--,--,--,--,--,3,2,2,1,1,--,--,--,--,--,,,,,,,,,,,,,,,,,,5,2,3,3,1,1,--,--,--,--,--,0,1,0,0,0,,,,,,,,,,,,,,,,,,,,,,,,,,
Cairns State High School,Cairns,239,172,3,74,23,149,--,22,80%,94%,172,55,16,18,27,13,--,3,--,7,64,18,7,7,2,3,--,3,--,4,3,1,--,1,1,--,149,123,27,11,8,10,7,--,2,--,4,87,49,46,12,17,19,9,--,4,--,7,20,32,53,32,12,,,,,,,,,,,,,,,,,,,,,,,,,,
Calamvale Community College,Calamvale,138,91,--,138,13,67,--,0,100%,90%,91,91,9,91,48,4,--,--,1,9,47,47,4,47,15,--,--,2,--,12,,,,,,,67,56,67,4,67,34,1,--,--,1,8,71,35,71,9,71,29,3,--,2,--,13,4,14,23,20,6,,,,,,,,,,,,,,,,,,,,,,,,,,
Calamvale State Special School,Calamvale,9,--,9,--,--,--,--,0,--,--,,,,,,,,,,,,,,,,,,,,,,,,,,,,,,,,,,,,,,,,,,,,,,,,,,,,,,,,,,,,,,,,,,,,,,,,,,,,,,,
Calen District State College,Calen,17,14,--,13,1,6,--,0,100%,100%,14,10,1,1,10,--,--,--,1,1,3,3,--,2,1,--,--,--,--,--,,,,,,,6,6,6,--,--,6,--,--,--,1,--,11,8,7,1,3,5,--,--,--,--,1,0,4,2,0,0,,,,,,,,,,,,,,,,,,,,,,,,,,
Caloundra Christian College,Caloundra,36,29,--,31,11,29,--,0,97%,91%,29,25,10,14,16,4,--,--,2,2,7,6,1,6,2,--,--,--,--,1,,,,,,,29,27,24,10,13,17,4,--,--,2,2,7,2,7,1,7,1,--,--,--,--,1,1,8,7,9,4,,,,,,,,,,,,,,,,,,,,,,,,,,
Caloundra State High School,Caloundra,226,155,2,93,32,151,--,20,82%,93%,155,62,18,27,35,7,--,--,5,11,69,29,14,13,7,--,--,--,--,10,2,2,--,--,2,--,151,124,50,15,19,23,5,--,--,4,12,73,31,41,17,21,19,2,--,--,1,9,18,26,42,50,15,,,,,,,,,,,,,,,,,,,,,,,,,,
Calvary Christian College,Carbrook,65,55,--,14,6,56,--,4,86%,95%,55,13,6,--,8,4,--,--,5,7,10,1,--,--,1,--,--,--,--,1,,,,,,,56,51,11,5,--,7,2,--,--,5,6,9,4,3,1,--,2,2,--,--,--,2,12,16,16,10,2,,,,,,,,,,,,,,,,,,,,,,,,,,
Calvary Christian College,Mount Louisa,34,18,--,13,2,20,--,6,71%,100%,18,7,1,3,2,3,--,--,--,1,16,6,1,3,2,--,--,--,--,1,,,,,,,20,15,5,2,--,2,2,--,--,--,1,14,3,8,--,6,2,1,--,--,--,1,2,2,6,6,4,,,,,,,,,,,,,,,,,,,,,,,,,,
Cannon Hill Anglican College,Cannon Hill,141,131,--,55,11,120,--,0,97%,98%,131,49,10,6,44,7,--,--,--,16,10,6,1,1,6,1,--,--,--,3,,,,,,,120,115,35,3,2,33,3,--,--,--,14,21,16,20,8,5,17,5,--,--,--,5,31,39,32,13,5,,,,,,,,,,,,,,,,,,,,,,,,,,
Canterbury College,Waterford,108,96,--,23,11,84,--,5,92%,97%,96,20,9,11,16,2,--,--,2,9,12,3,2,1,1,--,--,--,--,2,,,,,,,84,80,8,2,3,7,--,--,--,2,6,24,16,15,9,9,10,2,--,--,--,5,23,24,18,15,4,,,,,,,,,,,,,,,,,,,,,,,,,,
Capalaba State College,Capalaba,77,60,1,76,11,26,--,0,99%,94%,60,60,8,60,34,25,--,--,--,12,16,16,3,16,3,1,--,--,--,1,,,,,,,26,23,26,5,26,16,10,--,--,--,2,50,37,50,6,50,21,16,--,--,--,11,1,3,7,8,7,,,,,,,,,,,,,,,,,,,,,,,,,,
Capella State High School,Capella,15,13,--,10,8,6,--,1,93%,100%,13,9,7,7,2,--,--,--,--,--,2,1,1,--,--,--,--,--,--,--,,,,,,,6,6,3,1,3,1,--,--,--,--,--,9,7,7,7,4,1,--,--,--,--,--,1,2,2,1,0,,,,,,,,,,,,,,,,,,,,,,,,,,
Carinity Education - Glendyne,Nikenbah,10,--,--,9,3,--,--,1,90%,--,,,,,,,,,,,10,9,3,7,6,--,--,--,--,--,,,,,,,,,,,,,,,,,,,,,,,,,,,,,,,,,,,,,,,,,,,,,,,,,,,,,,,,,,,
Carinity Education - Southside,Sunnybank,16,6,--,13,4,--,--,3,81%,50%,6,6,--,2,6,--,--,--,--,1,10,7,4,3,4,1,--,--,--,--,,,,,,,,,,,,,,,,,,,,,,,,,,,,,,,,,,,,,,,,,,,,,,,,,,,,,,,,,,,
Carmel College,Thornlands,148,142,--,90,15,104,--,1,98%,90%,142,87,14,21,72,8,--,--,--,13,6,3,1,--,2,--,--,--,--,--,,,,,,,104,102,50,4,2,49,4,--,--,--,7,44,40,40,11,19,25,4,--,--,--,6,13,34,26,28,3,,,,,,,,,,,,,,,,,,,,,,,,,,
Cavendish Road State High School,Holland Park,198,142,--,131,29,130,--,3,93%,96%,142,89,21,35,66,10,1,--,23,12,56,42,8,28,28,2,--,--,1,3,,,,,,,130,111,66,7,9,51,5,--,--,24,9,68,31,65,22,54,43,7,1,--,--,6,18,33,30,36,13,,,,,,,,,,,,,,,,,,,,,,,,,,
Centenary Heights State High School,Toowoomba,166,102,4,53,39,87,--,28,76%,94%,102,29,21,3,18,9,--,--,7,2,60,22,18,5,6,--,--,--,5,1,4,2,--,2,--,--,87,76,11,7,2,8,4,--,--,8,3,75,26,40,32,6,16,5,--,--,4,--,18,27,23,16,3,,,,,,,,,,,,,,,,,,,,,,,,,,
Centenary State High School,Jindalee,186,152,--,82,11,143,--,6,90%,96%,152,67,7,38,50,4,--,--,5,11,34,15,4,10,2,2,1,--,--,2,,,,,,,143,124,50,1,23,32,2,1,--,5,10,43,28,32,10,25,20,4,--,--,--,3,19,38,44,30,12,,,,,,,,,,,,,,,,,,,,,,,,,,
Chancellor State College,Sippy Downs,129,104,--,96,29,87,--,2,98%,95%,104,77,25,17,56,27,--,--,9,9,25,19,4,16,4,1,--,--,--,--,,,,,,,87,79,61,14,10,44,18,--,--,8,8,42,25,35,15,23,16,10,--,--,1,1,15,28,20,20,4,,,,,,,,,,,,,,,,,,,,,,,,,,
Chanel College,Gladstone,72,63,--,70,9,58,--,0,99%,96%,63,62,4,59,27,2,--,--,--,--,9,8,5,7,2,--,--,--,--,--,,,,,,,58,54,56,1,53,23,--,--,--,--,--,14,9,14,8,13,6,2,--,--,--,--,12,16,16,12,2,,,,,,,,,,,,,,,,,,,,,,,,,,
Charleville State High School,Charleville,39,32,--,39,19,12,--,0,100%,92%,32,32,16,32,26,10,--,--,--,--,7,7,3,6,4,2,--,--,--,--,,,,,,,12,10,12,8,12,8,1,--,--,--,--,27,22,27,11,26,22,11,--,--,--,--,0,3,3,5,1,,,,,,,,,,,,,,,,,,,,,,,,,,
Charters Towers School of Distance Education,Charters Towers,3,1,--,2,--,--,--,1,67%,--,1,1,--,--,1,1,--,--,--,--,2,1,--,1,--,--,--,--,--,--,,,,,,,,,,,,,,,,,,,,,,,,,,,,,,,,,,,,,,,,,,,,,,,,,,,,,,,,,,,
Charters Towers State High School,Charters Towers,53,25,--,36,11,22,--,3,89%,100%,25,14,3,7,8,2,--,--,4,1,28,22,8,14,6,--,--,--,--,1,,,,,,,22,16,13,4,6,8,2,--,--,4,1,31,9,23,7,15,6,--,--,--,--,1,2,4,6,8,2,,,,,,,,,,,,,,,,,,,,,,,,,,
Chinchilla State High School,Chinchilla,72,49,1,52,24,37,--,4,92%,95%,49,35,15,15,22,4,--,--,3,3,22,16,9,13,4,--,--,--,--,1,1,1,--,1,1,--,37,31,21,8,5,11,3,--,--,1,1,34,18,30,16,23,15,1,--,--,2,3,2,6,16,10,3,,,,,,,,,,,,,,,,,,,,,,,,,,
Chisholm Catholic College,Cornubia,87,74,--,38,12,70,--,5,91%,92%,74,33,8,10,21,7,--,--,1,8,13,5,4,--,1,--,--,--,--,1,,,,,,,70,65,28,5,10,19,3,--,--,1,8,17,9,10,7,--,3,4,--,--,--,1,5,12,20,28,5,,,,,,,,,,,,,,,,,,,,,,,,,,
Christian Outreach College Toowoomba,Toowoomba,50,41,1,26,7,42,--,2,88%,91%,41,23,6,4,18,6,--,--,2,1,8,2,1,--,2,--,--,--,--,1,1,1,--,1,--,--,42,38,21,6,4,16,6,--,--,2,2,7,3,4,1,--,4,--,--,--,--,--,11,15,8,6,2,,,,,,,,,,,,,,,,,,,,,,,,,,
Citipointe Christian College,Carindale,116,99,--,65,14,98,--,1,94%,98%,99,55,13,14,43,7,4,--,1,6,17,10,1,3,10,--,1,--,--,3,,,,,,,98,87,48,4,11,37,4,4,--,1,6,18,12,17,10,6,16,3,1,--,--,3,15,30,31,19,3,,,,,,,,,,,,,,,,,,,,,,,,,,
Clairvaux MacKillop College,Upper Mount Gravatt,211,184,--,101,24,135,--,9,94%,89%,184,87,20,53,56,15,--,--,2,20,27,14,4,8,6,1,1,--,--,3,,,,,,,135,131,37,2,18,18,7,--,--,2,14,76,53,64,22,43,44,9,1,--,--,9,14,34,41,38,8,,,,,,,,,,,,,,,,,,,,,,,,,,
Claremont Special School,Ipswich,4,--,4,1,--,--,--,0,25%,--,,,,,,,,,,,,,,,,,,,,,4,1,--,1,--,--,,,,,,,,,,,,,,,,,,,,,,,,,,,,,,,,,,,,,,,,,,,,,,,,,,,,,
Clayfield College,Clayfield,78,72,--,28,1,74,--,1,95%,97%,72,26,1,1,26,4,--,--,--,4,6,2,--,--,2,1,--,--,--,--,,,,,,,74,71,25,1,1,25,3,--,--,--,4,4,1,3,--,--,3,2,--,--,--,--,19,21,20,12,2,,,,,,,,,,,,,,,,,,,,,,,,,,
Clermont State High School,Clermont,27,6,--,24,16,6,--,1,93%,100%,6,5,2,--,5,--,--,--,--,--,21,19,14,6,11,--,--,--,--,--,,,,,,,6,4,4,1,--,4,--,--,--,--,--,21,2,20,15,6,12,--,--,--,--,--,0,2,3,1,0,,,,,,,,,,,,,,,,,,,,,,,,,,
Cleveland District State High School,Cleveland,173,129,5,121,26,108,--,0,92%,91%,129,91,23,30,74,7,--,--,4,7,39,30,3,12,25,--,1,--,--,6,,,,,,,108,91,61,13,6,49,4,--,--,4,7,60,38,60,13,36,50,3,1,--,--,6,12,32,32,20,12,,,,,,,,,,,,,,,,,,,,,,,,,,
Clifford Park Special School,Toowoomba,14,--,14,3,--,--,--,0,21%,--,,,,,,,,,,,,,,,,,,,,,14,3,--,3,--,--,,,,,,,,,,,,,,,,,,,,,,,,,,,,,,,,,,,,,,,,,,,,,,,,,,,,,
Clifton State High School,Clifton,35,22,--,33,13,16,--,2,94%,82%,22,22,8,19,11,7,2,--,--,1,13,11,5,9,3,2,--,--,--,--,,,,,,,16,13,16,6,13,4,5,1,--,--,1,19,9,17,7,15,10,4,1,--,--,--,2,5,4,4,1,,,,,,,,,,,,,,,,,,,,,,,,,,
Cloncurry State School,Cloncurry,15,8,--,7,1,7,--,6,60%,100%,8,6,--,--,6,--,--,--,--,--,7,1,1,--,--,--,--,--,--,--,,,,,,,7,7,5,--,--,5,--,--,--,--,--,8,1,2,1,--,1,--,--,--,--,--,0,3,4,0,0,,,,,,,,,,,,,,,,,,,,,,,,,,
Clontarf Beach State High School,Clontarf,139,96,--,90,25,66,--,18,85%,93%,96,68,18,1,61,17,--,--,--,11,43,22,7,--,20,1,--,--,--,2,,,,,,,66,61,43,11,1,40,9,--,--,--,5,73,35,47,14,--,41,9,--,--,--,8,7,14,17,23,5,,,,,,,,,,,,,,,,,,,,,,,,,,
Collinsville State High School,Collinsville,21,9,1,16,9,8,--,1,86%,100%,9,7,3,--,6,--,--,--,--,--,11,9,6,--,9,--,--,--,--,--,,,,,,,8,6,5,2,--,4,--,--,--,--,--,12,3,11,7,--,11,--,--,--,--,--,0,0,3,5,0,,,,,,,,,,,,,,,,,,,,,,,,,,
Columba Catholic College,Charters Towers,35,23,--,10,4,20,--,7,69%,100%,23,9,4,1,5,2,--,--,--,--,12,1,--,--,1,--,--,--,--,--,,,,,,,20,16,7,3,1,5,--,--,--,--,--,15,7,3,1,--,1,2,--,--,--,--,5,5,7,2,1,,,,,,,,,,,,,,,,,,,,,,,,,,
Concordia Lutheran College,Toowoomba,85,72,--,48,16,63,--,0,98%,96%,72,37,14,25,21,5,--,--,5,2,13,11,2,9,4,1,--,--,--,2,,,,,,,63,57,27,6,17,12,2,--,--,5,3,22,15,21,10,17,13,4,--,--,--,1,13,17,18,12,3,,,,,,,,,,,,,,,,,,,,,,,,,,
Cooktown State School,Cooktown,14,7,--,7,--,5,--,4,64%,100%,7,5,--,--,3,2,--,--,--,--,7,2,--,1,1,1,--,--,--,--,,,,,,,5,4,2,--,--,1,1,--,--,--,--,9,3,5,--,1,3,2,--,--,--,--,2,0,1,2,0,,,,,,,,,,,,,,,,,,,,,,,,,,
Cooloola Christian College,Gympie,21,19,--,7,4,17,--,1,95%,100%,19,6,4,--,3,--,--,--,--,--,2,1,--,--,1,--,--,--,--,--,,,,,,,17,17,4,3,--,2,--,--,--,--,--,4,2,3,1,--,2,--,--,--,--,--,4,4,6,3,0,,,,,,,,,,,,,,,,,,,,,,,,,,
Coolum State High School,Coolum Beach,106,79,1,49,13,68,--,8,88%,96%,79,35,11,15,26,3,1,--,1,6,26,14,2,11,8,--,--,--,--,1,,,,,,,68,58,24,7,9,18,2,1,--,1,3,37,21,25,6,17,16,1,--,--,--,4,13,14,18,18,5,,,,,,,,,,,,,,,,,,,,,,,,,,
Coombabah State High School,Coombabah,134,93,1,108,26,55,--,1,95%,86%,93,74,18,56,67,13,1,--,1,10,40,34,8,30,21,4,--,--,--,8,,,,,,,55,46,31,6,13,26,6,--,--,1,7,78,47,77,20,73,62,11,1,--,--,11,3,14,16,20,2,,,,,,,,,,,,,,,,,,,,,,,,,,
Coomera Anglican College,Coomera,61,55,--,5,3,51,--,3,92%,96%,55,4,2,--,1,3,--,--,5,1,6,1,1,--,--,--,--,--,--,1,,,,,,,51,49,3,1,--,1,2,--,--,5,1,10,6,2,2,--,--,1,--,--,--,1,10,16,16,9,0,,,,,,,,,,,,,,,,,,,,,,,,,,
Coorparoo Secondary College,Coorparoo,89,68,--,60,7,40,--,3,90%,91%,68,48,7,26,42,5,--,--,--,10,21,12,--,7,11,1,--,--,--,8,,,,,,,40,32,14,1,3,10,3,--,--,--,7,49,36,46,6,30,43,3,--,--,--,11,2,6,9,13,10,,,,,,,,,,,,,,,,,,,,,,,,,,
Corinda State High School,Corinda,209,169,--,147,11,140,--,2,95%,92%,169,118,9,59,93,8,--,--,3,25,40,29,2,24,13,--,--,--,--,6,,,,,,,140,121,81,2,31,62,2,--,--,3,19,69,48,66,9,52,44,6,--,--,--,12,11,27,34,44,24,,,,,,,,,,,,,,,,,,,,,,,,,,
Craigslea State High School,Chermside West,125,79,--,63,14,78,--,6,82%,93%,79,39,7,20,23,2,1,--,--,9,46,24,7,21,4,--,--,--,--,6,,,,,,,78,58,22,3,6,14,--,--,--,--,7,47,21,41,11,35,13,2,1,--,--,8,13,19,22,15,9,,,,,,,,,,,,,,,,,,,,,,,,,,
Cunnamulla State School,Cunnamulla,12,5,--,3,2,1,--,6,50%,100%,5,2,2,--,2,--,--,--,--,1,7,1,--,1,--,--,--,--,--,--,,,,,,,1,1,1,1,--,1,--,--,--,--,1,11,4,2,1,1,1,--,--,--,--,--,0,0,1,0,0,,,,,,,,,,,,,,,,,,,,,,,,,,
Currimundi Special School,Currimundi,8,--,8,--,--,--,--,0,--,--,,,,,,,,,,,,,,,,,,,,,,,,,,,,,,,,,,,,,,,,,,,,,,,,,,,,,,,,,,,,,,,,,,,,,,,,,,,,,,,
Currumbin Community Special School,Currumbin Waters,10,--,10,3,3,--,--,0,30%,--,,,,,,,,,,,,,,,,,,,,,10,3,3,--,1,--,,,,,,,,,,,,,,,,,,,,,,,,,,,,,,,,,,,,,,,,,,,,,,,,,,,,,
Dakabin State High School,Dakabin,158,132,--,124,23,76,--,2,97%,93%,132,103,20,101,54,20,--,--,--,7,26,21,3,21,5,--,--,--,--,--,,,,,,,76,71,44,6,42,20,9,--,--,--,4,82,61,80,17,80,39,11,--,--,--,3,11,22,25,14,4,,,,,,,,,,,,,,,,,,,,,,,,,,
Dalby Christian College,Dalby,10,5,--,9,4,3,--,0,100%,67%,5,4,2,--,4,3,--,--,--,--,5,5,2,3,1,--,--,--,--,1,,,,,,,3,2,2,--,1,1,--,--,--,--,1,7,3,7,4,2,4,3,--,--,--,--,0,0,2,1,0,,,,,,,,,,,,,,,,,,,,,,,,,,
Dalby State High School,Dalby,82,65,2,38,25,43,--,4,89%,96%,65,30,18,5,12,3,--,--,1,5,15,8,7,1,2,1,--,--,--,--,,,,,,,43,38,10,8,--,2,1,--,--,1,3,37,27,28,17,6,12,3,--,--,--,2,13,12,12,5,1,,,,,,,,,,,,,,,,,,,,,,,,,,
Darling Downs Christian School,Toowoomba,16,8,--,8,5,15,--,0,88%,60%,8,2,2,--,2,1,--,--,--,1,8,6,3,--,5,--,--,--,--,1,,,,,,,15,8,7,4,--,6,1,--,--,--,2,1,0,1,1,--,1,--,--,--,--,--,0,3,2,8,2,,,,,,,,,,,,,,,,,,,,,,,,,,
Darling Point Special School,Manly,11,--,9,7,1,--,--,1,64%,--,,,,,,,,,,,2,1,--,1,--,--,--,--,--,--,9,6,1,6,--,--,,,,,,,,,,,,,,,,,,,,,,,,,,,,,,,,,,,,,,,,,,,,,,,,,,,,,
Deception Bay Flexible Learning Centre,Deception Bay,7,3,1,6,1,--,--,0,86%,--,3,3,--,3,3,--,--,--,--,--,3,3,1,2,1,--,--,--,--,--,,,,,,,,,,,,,,,,,,,,,,,,,,,,,,,,,,,,,,,,,,,,,,,,,,,,,,,,,,,
Deception Bay State High School,Deception Bay,82,40,--,71,16,29,--,7,89%,82%,40,38,10,25,37,9,--,--,--,3,42,33,6,22,24,2,--,--,--,3,,,,,,,29,18,25,8,7,24,6,--,--,--,5,53,22,46,8,40,37,5,--,--,--,1,1,3,6,9,10,,,,,,,,,,,,,,,,,,,,,,,,,,
Djarragun College,Gordonvale,68,2,--,37,18,--,--,31,54%,--,2,2,2,1,--,2,--,--,--,--,66,35,16,13,11,5,--,--,--,1,,,,,,,,,,,,,,,,,,,,,,,,,,,,,,,,,,,,,,,,,,,,,,,,,,,,,,,,,,,
Downlands College,Toowoomba,156,132,--,76,28,129,--,4,94%,90%,132,61,19,45,25,--,--,--,--,2,24,15,9,9,4,--,--,--,--,--,,,,,,,129,118,54,10,36,23,--,--,--,--,2,27,14,22,18,18,6,--,--,--,--,--,26,27,45,20,11,,,,,,,,,,,,,,,,,,,,,,,,,,
Dysart State High School,Dysart,15,13,--,14,4,3,--,1,93%,100%,13,13,4,13,11,7,--,--,--,--,2,1,--,1,--,--,--,--,--,--,,,,,,,3,3,3,1,3,1,--,--,--,--,--,12,10,11,3,11,10,7,--,--,--,--,0,1,2,0,0,,,,,,,,,,,,,,,,,,,,,,,,,,
Earnshaw State College,Banyo,37,24,2,14,7,22,--,3,76%,94%,24,10,5,2,3,1,--,--,--,4,11,4,2,2,1,--,--,--,--,2,,,,,,,22,18,5,3,--,2,1,--,--,--,5,13,6,9,4,4,2,--,--,--,--,1,3,4,8,4,3,,,,,,,,,,,,,,,,,,,,,,,,,,
Eidsvold State School,Eidsvold,3,2,--,2,1,1,--,0,100%,100%,2,1,--,--,1,--,--,--,--,--,1,1,1,--,1,--,--,--,--,--,,,,,,,,,,,,,,,,,,2,1,2,1,--,2,--,--,--,--,--,0,1,0,0,0,,,,,,,,,,,,,,,,,,,,,,,,,,
Elanora State High School,Elanora,181,153,--,113,23,101,--,10,91%,87%,153,102,18,15,77,42,--,--,3,20,28,11,5,3,6,3,--,--,--,--,,,,,,,101,93,45,6,1,34,18,--,--,3,14,80,60,68,17,17,49,27,--,--,--,6,9,20,30,33,9,,,,,,,,,,,,,,,,,,,,,,,,,,
Emerald State High School,Emerald,91,67,2,72,21,29,--,3,95%,95%,67,53,14,19,46,1,--,--,--,--,22,19,7,12,12,--,--,--,--,--,,,,,,,29,29,18,5,1,15,1,--,--,--,--,60,38,54,16,30,43,--,--,--,--,--,5,9,8,6,1,,,,,,,,,,,,,,,,,,,,,,,,,,
Emmanuel College  Carrara,Carrara,116,111,--,34,14,89,--,3,97%,98%,111,33,13,9,13,11,--,--,6,3,5,1,1,--,--,1,--,--,--,1,,,,,,,89,88,18,2,3,13,3,--,--,6,1,27,23,16,12,6,--,9,--,--,--,3,20,35,23,8,3,,,,,,,,,,,,,,,,,,,,,,,,,,
Emmaus College (Rockhampton),North Rockhampton,183,149,--,53,24,117,--,12,88%,96%,149,41,13,--,32,1,--,--,1,6,34,12,11,--,4,1,--,--,--,2,,,,,,,117,106,26,1,--,26,--,--,--,1,4,66,43,27,23,--,10,2,--,--,--,4,22,26,29,33,7,,,,,,,,,,,,,,,,,,,,,,,,,,
Everton Park State High School,Everton Park,38,26,--,30,7,17,--,4,87%,81%,26,23,6,21,13,4,--,--,--,2,12,7,1,6,3,--,--,--,--,--,,,,,,,17,16,15,5,15,7,3,--,--,--,--,21,10,15,2,12,9,1,--,--,--,2,3,5,3,6,0,,,,,,,,,,,,,,,,,,,,,,,,,,
Fairholme College,Toowoomba,94,87,--,57,18,86,--,1,97%,97%,87,53,15,37,28,12,--,--,2,2,7,4,3,--,1,3,--,--,--,--,,,,,,,86,82,50,13,34,26,11,--,--,2,2,8,5,7,5,3,3,4,--,--,--,--,20,28,21,9,8,,,,,,,,,,,,,,,,,,,,,,,,,,
Faith Lutheran College,Plainland,21,16,--,3,3,20,--,1,76%,92%,16,3,3,--,2,2,--,--,--,--,5,--,--,--,--,--,--,--,--,1,,,,,,,20,16,3,3,--,2,2,--,--,--,1,,,,,,,,,,,,2,6,5,5,2,,,,,,,,,,,,,,,,,,,,,,,,,,
Faith Lutheran College - Redlands,Victoria Point,35,24,--,14,3,31,--,1,80%,93%,24,10,2,3,7,1,--,--,--,5,11,4,1,2,2,--,--,--,--,2,,,,,,,31,24,11,2,3,8,1,--,--,--,6,4,0,3,1,2,1,--,--,--,--,1,2,6,10,10,3,,,,,,,,,,,,,,,,,,,,,,,,,,
Ferny Grove State High School,Ferny Grove,274,229,--,75,29,204,--,7,91%,93%,229,55,20,34,26,12,--,--,--,18,45,20,9,13,9,2,--,--,--,6,,,,,,,204,184,16,5,4,8,2,--,--,--,17,70,45,59,24,43,27,12,--,--,--,7,45,45,66,41,7,,,,,,,,,,,,,,,,,,,,,,,,,,
Flagstone State Community College,Flagstone,125,69,1,107,36,58,--,4,92%,96%,69,61,16,34,52,3,--,--,--,3,55,45,20,33,24,1,--,--,--,2,1,1,--,1,--,--,58,43,45,9,15,37,1,--,--,--,2,66,26,61,27,52,39,3,--,--,--,3,3,16,20,12,7,,,,,,,,,,,,,,,,,,,,,,,,,,
Forest Lake State High School,Forest Lake,209,155,1,190,20,113,--,3,97%,84%,155,143,15,127,81,20,--,--,3,17,53,46,5,43,19,1,--,--,--,6,1,1,--,1,--,--,113,95,98,7,84,60,8,--,--,3,13,95,60,91,13,86,40,13,--,--,--,10,8,17,31,41,16,,,,,,,,,,,,,,,,,,,,,,,,,,
Fraser Coast Anglican College,Hervey Bay,65,53,--,18,8,61,--,1,89%,94%,53,13,6,9,11,1,--,--,1,3,12,5,2,4,2,--,--,--,--,3,,,,,,,61,52,15,6,10,12,1,--,--,1,5,4,1,3,2,3,1,--,--,--,--,1,13,13,16,17,2,,,,,,,,,,,,,,,,,,,,,,,,,,
Freshwater Christian College,Brinsmead,18,11,--,2,1,11,--,5,67%,100%,11,1,--,--,1,--,--,--,--,--,7,1,1,--,--,--,--,--,--,--,,,,,,,,,,,,,,,,,,7,1,2,1,--,1,--,--,--,--,--,3,4,3,1,0,,,,,,,,,,,,,,,,,,,,,,,,,,
Genesis Christian College,Bray Park,49,32,--,10,4,32,--,9,67%,93%,32,9,3,--,2,6,--,--,--,4,17,1,1,--,--,--,--,--,--,3,,,,,,,32,25,2,--,--,1,1,--,--,--,3,17,7,8,4,--,1,5,--,--,--,4,6,7,11,6,2,,,,,,,,,,,,,,,,,,,,,,,,,,
Gilroy Santa Maria College,Ingham,54,50,--,28,5,44,--,0,100%,100%,50,24,4,12,10,3,--,--,--,--,4,4,1,3,1,--,--,--,--,--,,,,,,,44,43,19,2,7,8,3,--,--,--,--,10,7,9,3,8,3,--,--,--,--,--,7,16,12,9,0,,,,,,,,,,,,,,,,,,,,,,,,,,
Gin Gin State High School,Gin Gin,53,33,1,50,2,24,--,2,94%,90%,33,33,2,32,14,--,1,--,--,1,19,17,--,17,3,--,--,--,--,--,,,,,,,24,21,24,1,23,6,--,1,--,--,--,28,12,26,1,26,11,--,--,--,--,1,4,10,6,1,3,,,,,,,,,,,,,,,,,,,,,,,,,,
Gladstone State High School,Gladstone,156,93,2,65,27,87,--,17,80%,94%,93,33,15,4,22,3,--,--,--,--,61,32,12,15,10,--,--,--,--,1,,,,,,,87,71,17,2,1,16,--,--,--,--,--,67,22,48,25,18,16,3,--,--,--,1,13,20,30,21,3,,,,,,,,,,,,,,,,,,,,,,,,,,
Glenala State High School,Inala Heights,68,31,--,57,10,15,--,3,93%,100%,31,25,7,16,18,3,--,--,--,2,37,32,3,31,1,1,--,--,--,3,,,,,,,15,12,9,1,2,6,1,--,--,--,2,53,19,48,9,45,13,3,--,--,--,3,0,1,7,7,0,,,,,,,,,,,,,,,,,,,,,,,,,,
Glenden State School,Glenden,8,4,--,8,6,2,--,0,100%,100%,4,4,3,1,2,--,--,--,--,--,4,4,3,3,1,--,--,--,--,--,,,,,,,2,2,2,1,--,1,--,--,--,--,--,6,2,6,5,4,2,--,--,--,--,--,0,0,1,1,0,,,,,,,,,,,,,,,,,,,,,,,,,,
Glenmore State High School,North Rockhampton,91,53,--,47,9,32,--,17,74%,100%,53,33,5,27,15,3,1,--,2,3,38,14,4,9,4,--,--,--,--,--,,,,,,,32,25,8,--,4,6,--,--,--,2,--,59,28,39,9,32,13,3,1,--,--,3,3,9,13,2,5,,,,,,,,,,,,,,,,,,,,,,,,,,
Good Counsel College,Innisfail,90,78,1,38,7,60,--,6,91%,98%,78,34,5,4,21,9,--,--,--,6,11,4,2,--,1,--,--,1,--,1,,,,,,,60,58,22,1,1,19,2,--,--,--,1,29,20,16,6,3,3,7,--,1,--,6,8,19,19,14,0,,,,,,,,,,,,,,,,,,,,,,,,,,
Good Shepherd Catholic College,Mount Isa,30,19,--,14,7,15,--,3,77%,82%,19,10,3,6,8,--,--,--,--,1,11,4,4,1,2,--,--,--,--,--,,,,,,,15,10,6,3,2,3,--,--,--,--,--,15,9,8,4,5,7,--,--,--,--,1,1,3,6,5,0,,,,,,,,,,,,,,,,,,,,,,,,,,
Good Shepherd Lutheran College,Noosaville,81,73,--,13,4,79,--,0,91%,95%,73,12,4,5,9,1,--,--,4,3,8,1,--,1,1,--,--,--,--,1,,,,,,,79,72,11,3,5,9,--,--,--,3,2,2,1,2,1,1,1,1,--,--,1,2,12,19,27,18,3,,,,,,,,,,,,,,,,,,,,,,,,,,
Goodna Special School,Goodna,5,--,5,--,--,--,--,0,--,--,,,,,,,,,,,,,,,,,,,,,,,,,,,,,,,,,,,,,,,,,,,,,,,,,,,,,,,,,,,,,,,,,,,,,,,,,,,,,,,
Goondiwindi State High School,Goondiwindi,74,49,2,70,16,39,--,2,95%,94%,49,49,9,48,33,2,--,--,--,4,23,20,7,20,9,--,--,--,--,6,2,1,--,1,--,--,39,37,38,4,37,27,1,--,--,--,4,33,12,31,12,31,15,1,--,--,--,6,0,13,7,15,4,,,,,,,,,,,,,,,,,,,,,,,,,,
Gordonvale State High School,Gordonvale,82,58,--,41,15,43,--,5,84%,96%,58,30,9,18,17,--,--,--,--,3,24,11,6,9,3,--,--,--,--,3,,,,,,,43,34,12,2,4,8,--,--,--,--,3,39,24,29,13,23,12,--,--,--,--,3,1,9,17,13,3,,,,,,,,,,,,,,,,,,,,,,,,,,
Grace Lutheran College,Rothwell,221,213,--,39,13,189,--,4,97%,96%,213,37,11,5,22,11,--,--,--,10,8,2,2,--,--,1,--,--,--,1,,,,,,,189,186,24,5,--,14,9,--,--,--,8,32,27,15,8,5,8,3,--,--,--,3,47,41,59,33,9,,,,,,,,,,,,,,,,,,,,,,,,,,
Groves Christian College,Kingston,43,22,--,10,5,19,--,13,63%,100%,22,5,2,2,1,2,1,--,--,4,21,5,3,2,1,1,--,--,--,6,,,,,,,19,15,1,--,--,--,1,--,--,--,3,24,7,9,5,4,2,2,1,--,--,7,1,4,7,6,1,,,,,,,,,,,,,,,,,,,,,,,,,,
Gympie Special School,Gympie,3,--,3,1,1,--,--,0,33%,--,,,,,,,,,,,,,,,,,,,,,3,1,1,--,--,--,,,,,,,,,,,,,,,,,,,,,,,,,,,,,,,,,,,,,,,,,,,,,,,,,,,,,
Gympie State High School,Gympie,155,81,--,100,32,55,--,24,81%,90%,81,55,19,33,31,5,2,--,--,1,74,45,13,32,9,1,--,--,1,--,,,,,,,55,47,30,8,15,17,2,2,--,--,1,100,34,70,24,50,23,4,--,--,1,--,10,17,17,11,0,,,,,,,,,,,,,,,,,,,,,,,,,,
Harristown State High School,Toowoomba,235,164,--,157,40,114,--,5,93%,94%,164,103,24,77,65,21,--,--,2,10,71,54,16,44,16,6,--,--,--,4,,,,,,,114,96,42,8,20,27,3,--,--,2,7,121,68,115,32,101,54,24,--,--,--,7,15,28,31,33,7,,,,,,,,,,,,,,,,,,,,,,,,,,
Heatley Secondary College,Heatley,67,20,--,32,9,27,--,16,66%,86%,20,8,2,2,5,1,--,--,--,1,47,24,7,10,15,--,--,--,--,2,,,,,,,27,14,9,3,2,5,1,--,--,--,2,40,6,23,6,10,15,--,--,--,--,1,3,2,7,11,4,,,,,,,,,,,,,,,,,,,,,,,,,,
Heights College,North Rockhampton,32,22,--,18,--,22,--,4,84%,86%,22,13,--,6,12,--,--,--,--,--,10,5,--,5,4,--,--,--,--,--,,,,,,,22,18,14,--,8,12,--,--,--,--,--,10,4,4,--,3,4,--,--,--,--,--,2,6,8,3,3,,,,,,,,,,,,,,,,,,,,,,,,,,
Helensvale State High School,Helensvale,326,257,1,287,64,152,--,10,95%,96%,257,233,50,204,144,38,2,--,9,18,68,54,14,46,26,3,--,--,1,6,,,,,,,152,138,125,13,105,55,15,--,--,10,12,173,119,162,51,145,115,26,2,--,--,12,15,42,54,37,4,,,,,,,,,,,,,,,,,,,,,,,,,,
Hervey Bay Senior College,Hervey Bay,34,15,--,18,5,7,--,11,65%,100%,15,11,1,4,9,2,--,--,1,2,19,7,4,3,4,--,--,--,--,--,,,,,,,7,6,2,--,--,2,1,--,--,1,2,27,9,16,5,7,11,1,--,--,--,--,0,2,2,3,0,,,,,,,,,,,,,,,,,,,,,,,,,,
Hervey Bay Special School,Hervey Bay,3,--,3,1,--,--,--,0,33%,--,,,,,,,,,,,,,,,,,,,,,3,1,--,1,--,--,,,,,,,,,,,,,,,,,,,,,,,,,,,,,,,,,,,,,,,,,,,,,,,,,,,,,
Hervey Bay State High School,Pialba,94,38,7,54,8,41,--,14,73%,88%,38,23,5,3,16,1,4,--,1,1,49,26,3,9,20,--,--,--,--,--,7,5,--,5,2,--,41,31,17,5,2,10,1,4,--,1,1,46,7,32,3,10,26,--,--,--,--,--,2,15,9,7,8,,,,,,,,,,,,,,,,,,,,,,,,,,
Hillbrook Anglican School,Enoggera,116,111,--,--,--,116,--,0,96%,96%,111,--,--,--,--,--,--,--,--,6,5,--,--,--,--,--,--,--,--,1,,,,,,,116,111,--,--,--,--,--,--,--,--,7,,,,,,,,,,,,26,32,32,19,7,,,,,,,,,,,,,,,,,,,,,,,,,,
Hillcrest Christian College,Reedy Creek,54,40,--,21,11,36,--,4,85%,97%,40,15,6,--,10,4,--,--,--,--,14,6,5,--,4,--,--,--,--,1,,,,,,,36,32,9,4,--,5,2,--,--,--,--,18,8,12,7,--,9,2,--,--,--,1,3,12,16,5,0,,,,,,,,,,,,,,,,,,,,,,,,,,
Hills International College,Jimboomba,15,8,--,--,--,14,--,0,53%,71%,,,,,,,,,,,7,--,--,--,--,--,--,--,--,2,,,,,,,14,7,--,--,--,--,--,--,--,--,2,,,,,,,,,,,,1,2,1,3,7,,,,,,,,,,,,,,,,,,,,,,,,,,
Holland Park State High School,Holland Park,88,72,--,65,10,50,--,6,90%,94%,72,58,8,49,24,6,--,--,1,11,16,7,2,4,2,--,--,--,--,1,,,,,,,50,46,34,2,29,13,2,--,--,1,7,38,26,31,8,24,13,4,--,--,--,5,11,13,9,15,2,,,,,,,,,,,,,,,,,,,,,,,,,,
Holy Spirit College,North Mackay,108,72,1,42,10,71,--,12,77%,92%,72,31,4,11,20,5,--,--,--,4,35,11,6,3,3,--,--,--,--,1,,,,,,,71,57,19,--,1,17,1,--,--,--,1,36,15,23,10,13,6,4,--,--,--,4,10,25,20,15,1,,,,,,,,,,,,,,,,,,,,,,,,,,
Home Hill State High School,Home Hill,37,33,--,21,4,20,--,2,95%,100%,33,19,3,7,13,--,--,--,--,1,4,2,1,2,--,--,--,--,--,--,,,,,,,20,20,12,2,2,11,--,--,--,--,1,17,13,9,2,7,2,--,--,--,--,--,0,5,8,7,0,,,,,,,,,,,,,,,,,,,,,,,,,,
Hughenden State School,Hughenden,15,12,--,14,1,3,--,0,100%,100%,12,11,1,9,4,--,--,--,--,--,3,3,--,3,1,--,--,--,--,--,,,,,,,3,3,2,1,--,1,--,--,--,--,--,12,9,12,--,12,4,--,--,--,--,--,0,1,1,1,0,,,,,,,,,,,,,,,,,,,,,,,,,,
Ignatius Park College,Cranbrook,126,112,--,92,11,82,--,4,95%,98%,112,84,10,49,66,1,--,--,--,3,14,8,1,7,4,--,--,--,--,--,,,,,,,82,79,56,3,23,43,--,--,--,--,2,44,33,36,8,33,27,1,--,--,--,1,8,31,29,13,1,,,,,,,,,,,,,,,,,,,,,,,,,,
Immanuel Lutheran College,Buderim,85,78,--,41,13,72,--,3,93%,97%,78,40,12,--,36,10,--,--,7,7,7,1,1,--,--,--,--,--,1,--,,,,,,,72,69,35,9,--,32,5,--,--,8,5,13,9,6,4,--,4,5,--,--,--,2,17,19,21,14,1,,,,,,,,,,,,,,,,,,,,,,,,,,
Indooroopilly State High School,Indooroopilly,119,84,--,20,4,85,11,11,81%,93%,84,14,2,6,9,--,--,--,2,6,35,6,2,3,3,--,--,--,--,5,,,,,,,85,73,10,2,2,9,--,--,--,2,9,22,6,10,2,7,3,--,--,--,--,2,17,29,21,14,4,11,5,--,--,--,--,--,--,--,--,--,1,--,--,--,--,--,--,--,--,--,--,0,3,4,4
Ingham State High School,Ingham,93,75,1,78,27,51,--,1,97%,97%,75,63,25,50,44,2,--,--,--,1,17,14,2,13,9,--,--,--,--,--,1,1,--,1,1,--,51,48,37,12,26,24,--,--,--,--,--,41,27,40,15,37,29,2,--,--,--,1,4,11,19,15,2,,,,,,,,,,,,,,,,,,,,,,,,,,
Innisfail State College,Innisfail,94,69,--,40,14,34,--,12,85%,91%,69,29,7,5,26,1,--,--,1,--,25,11,7,--,7,--,--,--,--,1,,,,,,,34,31,5,3,1,3,1,--,--,1,--,60,38,35,11,4,30,--,--,--,--,1,4,7,11,12,0,,,,,,,,,,,,,,,,,,,,,,,,,,
Iona College,Lindum,145,145,--,36,2,107,--,0,100%,97%,145,36,2,--,26,11,--,--,--,14,,,,,,,,,,,,,,,,,107,107,24,1,--,21,3,--,--,--,7,38,38,12,1,--,5,8,--,--,--,7,18,32,41,16,0,,,,,,,,,,,,,,,,,,,,,,,,,,
Ipswich Girls' Grammar School,East Ipswich,104,93,--,35,10,97,--,2,92%,99%,93,32,10,3,30,2,--,--,--,7,11,3,--,--,3,--,--,--,--,3,,,,,,,97,89,30,7,2,28,1,--,--,--,9,7,4,5,3,1,5,1,--,--,--,1,20,26,27,20,4,,,,,,,,,,,,,,,,,,,,,,,,,,
Ipswich Grammar School,Ipswich,149,119,--,13,11,129,--,7,84%,94%,119,7,6,--,1,3,--,--,4,4,30,6,5,--,2,--,--,--,--,4,,,,,,,129,110,6,5,--,2,3,--,--,4,8,20,9,7,6,--,1,--,--,--,--,--,27,30,28,39,5,,,,,,,,,,,,,,,,,,,,,,,,,,
Ipswich Special School,Ipswich,18,--,18,2,--,--,--,0,11%,--,,,,,,,,,,,,,,,,,,,,,18,2,--,2,--,--,,,,,,,,,,,,,,,,,,,,,,,,,,,,,,,,,,,,,,,,,,,,,,,,,,,,,
Ipswich State High School,Brassall,155,61,--,85,18,59,--,35,71%,85%,61,36,8,17,21,5,1,--,1,1,94,49,10,37,12,2,--,--,--,3,,,,,,,59,41,26,2,7,21,2,1,--,1,4,96,20,59,16,47,12,5,--,--,--,--,5,6,16,21,11,,,,,,,,,,,,,,,,,,,,,,,,,,
Isis District State High School,Childers,64,46,3,53,4,27,--,3,92%,95%,46,40,3,34,24,1,--,--,1,2,15,10,1,7,5,--,--,--,--,2,3,3,--,3,1,--,27,25,21,1,18,12,--,--,--,1,--,34,21,29,3,23,17,1,--,--,--,4,8,5,8,5,1,,,,,,,,,,,,,,,,,,,,,,,,,,
Islamic College of Brisbane,Karawatha,15,11,--,--,--,15,--,0,73%,93%,,,,,,,,,,,4,--,--,--,--,--,--,--,--,1,,,,,,,15,11,--,--,--,--,--,--,--,--,1,,,,,,,,,,,,3,4,8,0,0,,,,,,,,,,,,,,,,,,,,,,,,,,
James Nash State High School,Gympie,149,127,4,94,11,84,--,4,94%,94%,127,81,10,20,74,7,1,--,1,5,18,10,1,4,9,--,--,--,--,2,4,3,--,1,3,--,84,77,41,4,7,36,3,1,--,1,1,61,50,50,7,17,47,4,--,--,--,6,11,23,22,23,5,,,,,,,,,,,,,,,,,,,,,,,,,,
John Paul College,Daisy Hill,179,160,--,75,18,130,--,8,94%,96%,160,66,14,15,40,18,5,--,1,14,19,9,4,--,6,3,--,--,--,5,,,,,,,130,126,44,7,10,28,9,3,--,1,9,49,34,31,11,5,18,12,2,--,--,10,20,43,36,23,8,,,,,,,,,,,,,,,,,,,,,,,,,,
Kawana Waters State College,Bokarina,126,95,1,95,22,65,--,6,94%,92%,95,72,15,27,69,3,--,--,3,8,30,22,7,17,8,2,--,--,--,1,1,1,--,1,1,--,65,63,43,8,2,43,1,--,--,3,7,60,32,51,14,42,34,4,--,--,--,2,6,23,19,14,3,,,,,,,,,,,,,,,,,,,,,,,,,,
Kedron State High School,Wooloowin,146,101,1,80,9,101,--,8,84%,93%,101,59,6,33,47,9,--,--,--,12,44,20,3,10,16,1,--,--,--,7,1,1,--,1,1,--,101,81,44,3,20,32,5,--,--,--,11,44,20,35,6,23,31,5,--,--,--,8,13,20,22,34,12,,,,,,,,,,,,,,,,,,,,,,,,,,
Keebra Park State High School,Southport,129,78,--,84,31,56,--,13,84%,88%,78,53,26,20,35,7,1,--,2,13,51,31,5,24,10,--,--,--,1,8,,,,,,,56,45,29,13,1,22,3,1,--,3,10,73,33,55,18,43,23,4,--,--,--,11,5,6,17,23,5,,,,,,,,,,,,,,,,,,,,,,,,,,
Kelvin Grove State College,Kelvin Grove,226,158,1,64,27,124,--,21,81%,87%,158,38,14,11,18,10,1,--,5,8,67,26,13,9,9,6,--,--,--,5,,,,,,,124,102,19,4,5,9,6,--,--,--,7,101,56,45,23,15,18,10,1,--,5,6,22,26,39,29,8,,,,,,,,,,,,,,,,,,,,,,,,,,
Kenmore State High School,Kenmore,263,228,--,77,6,241,--,0,95%,94%,228,55,4,16,45,5,--,--,8,12,35,22,2,12,13,2,--,--,--,2,,,,,,,241,219,55,2,11,44,5,--,--,8,13,22,9,22,4,17,14,2,--,--,--,1,53,67,58,54,9,,,,,,,,,,,,,,,,,,,,,,,,,,
Kepnock State High School,Bundaberg,161,86,5,82,17,66,--,29,75%,85%,86,48,12,26,30,4,--,--,--,--,70,33,5,25,10,2,--,--,--,1,5,1,--,1,--,--,66,51,26,9,8,17,2,--,--,--,--,90,35,55,8,43,23,4,--,--,--,1,12,12,16,21,5,,,,,,,,,,,,,,,,,,,,,,,,,,
Kilcoy State High School,Kilcoy,45,30,--,38,15,22,--,1,98%,62%,30,24,12,24,15,1,--,--,1,1,15,14,3,14,5,--,--,--,--,--,,,,,,,22,18,16,4,16,4,--,--,--,1,--,23,12,22,11,22,16,1,--,--,--,1,1,4,5,9,3,,,,,,,,,,,,,,,,,,,,,,,,,,
Kimberley College,Carbrook,61,46,--,7,7,42,--,10,80%,88%,46,4,4,--,2,--,--,--,--,11,15,3,3,1,2,--,--,--,--,--,,,,,,,42,40,3,3,--,1,--,--,--,--,10,19,6,4,4,1,3,--,--,--,--,1,4,10,11,13,4,,,,,,,,,,,,,,,,,,,,,,,,,,
King's Christian College,Reedy Creek,86,62,--,26,6,64,--,10,80%,93%,62,19,5,--,5,12,--,--,--,1,24,7,1,--,7,--,--,--,--,2,,,,,,,64,54,16,3,--,7,7,--,--,--,2,22,8,10,3,--,5,5,--,--,--,1,9,18,25,10,2,,,,,,,,,,,,,,,,,,,,,,,,,,
Kingaroy State High School,Kingaroy,141,92,2,84,32,71,--,12,87%,94%,92,54,19,32,47,5,1,--,2,6,47,29,13,20,10,2,--,--,--,1,2,1,--,1,--,--,71,61,28,6,13,23,3,--,--,2,3,68,31,55,26,39,34,4,1,--,--,4,18,23,13,16,1,,,,,,,,,,,,,,,,,,,,,,,,,,
Kingston College,Kingston,56,36,--,56,4,18,--,0,100%,97%,36,36,4,36,3,3,--,--,--,8,20,20,--,20,2,--,--,--,--,3,,,,,,,18,11,18,1,18,2,--,--,--,--,3,38,25,38,3,38,3,3,--,--,--,8,0,2,7,6,3,,,,,,,,,,,,,,,,,,,,,,,,,,
Kingston Learning Centre,Kingston,49,--,--,8,3,--,--,41,16%,--,,,,,,,,,,,49,8,3,5,1,--,--,--,--,3,,,,,,,,,,,,,,,,,,,,,,,,,,,,,,,,,,,,,,,,,,,,,,,,,,,,,,,,,,,
Kirwan State High School,Kirwan,297,196,4,179,37,125,--,31,86%,96%,196,119,27,72,105,16,1,--,9,10,97,57,10,37,32,3,--,--,--,8,4,3,--,3,--,--,125,113,42,9,4,37,2,1,--,9,4,168,83,134,28,105,100,17,--,--,--,14,16,24,53,31,1,,,,,,,,,,,,,,,,,,,,,,,,,,
Kuraby Special School,Kuraby,2,--,2,--,--,--,--,0,--,--,,,,,,,,,,,,,,,,,,,,,,,,,,,,,,,,,,,,,,,,,,,,,,,,,,,,,,,,,,,,,,,,,,,,,,,,,,,,,,,
Kuranda District State College,Myola,20,8,1,5,1,6,--,9,45%,80%,8,4,--,3,2,--,--,--,--,--,11,1,1,--,--,1,--,--,--,--,,,,,,,6,5,1,--,--,1,--,--,--,--,--,13,3,4,1,3,1,1,--,--,--,--,0,3,1,2,0,,,,,,,,,,,,,,,,,,,,,,,,,,
Laidley State High School,Laidley,88,61,4,58,17,25,--,8,83%,94%,61,46,12,33,28,5,--,--,--,3,23,11,5,8,5,--,--,--,--,1,4,1,--,1,--,--,25,20,11,3,5,5,2,--,--,--,1,59,41,46,14,36,28,3,--,--,--,3,3,5,6,8,3,,,,,,,,,,,,,,,,,,,,,,,,,,
Livingstone Christian College,Ormeau,25,16,--,9,5,11,--,5,72%,86%,16,7,4,--,--,5,--,--,1,3,9,2,1,--,1,--,--,--,--,--,,,,,,,11,9,3,2,--,--,2,--,--,1,2,14,7,6,3,--,1,3,--,--,--,1,0,1,4,5,1,,,,,,,,,,,,,,,,,,,,,,,,,,
Lockyer District State High School,Gatton,120,110,4,119,14,62,--,0,99%,97%,110,110,13,102,34,5,--,--,2,6,6,6,1,6,1,--,--,--,--,--,4,3,--,3,1,--,62,61,62,6,54,21,2,--,--,2,3,54,49,54,8,54,14,3,--,--,--,3,11,12,19,17,3,,,,,,,,,,,,,,,,,,,,,,,,,,
Logan City Special School,Logan Central,15,--,15,--,--,--,--,0,--,--,,,,,,,,,,,,,,,,,,,,,,,,,,,,,,,,,,,,,,,,,,,,,,,,,,,,,,,,,,,,,,,,,,,,,,,,,,,,,,,
Loganlea State High School,Loganlea,105,45,--,105,24,29,--,0,100%,97%,45,45,11,42,34,13,1,--,--,2,60,60,13,57,27,3,1,--,--,2,,,,,,,29,16,29,7,27,15,6,--,--,--,2,76,29,76,17,72,46,10,2,--,--,2,1,5,3,7,13,,,,,,,,,,,,,,,,,,,,,,,,,,
Longreach State High School,Longreach,27,10,--,23,11,7,--,1,93%,100%,10,8,5,5,5,--,--,--,--,1,17,15,6,8,4,--,--,--,--,1,,,,,,,7,4,4,2,2,3,--,--,--,--,--,20,6,19,9,11,6,--,--,--,--,2,0,3,1,3,0,,,,,,,,,,,,,,,,,,,,,,,,,,
Loreto College Coorparoo,Coorparoo,140,132,--,14,11,130,--,2,96%,99%,132,11,8,--,7,3,--,--,2,10,8,3,3,--,1,1,--,--,--,3,,,,,,,130,126,8,7,--,5,1,--,--,2,10,10,6,6,4,--,3,3,--,--,--,3,30,32,38,25,5,,,,,,,,,,,,,,,,,,,,,,,,,,
Lourdes Hill College,Hawthorne,153,131,--,53,7,135,--,2,93%,97%,131,42,5,--,41,2,--,--,--,10,22,11,2,1,10,--,--,--,--,4,,,,,,,135,123,39,4,--,38,1,--,--,--,11,18,8,14,3,1,13,1,--,--,--,3,21,39,44,27,4,,,,,,,,,,,,,,,,,,,,,,,,,,
Lowood State High School,Lowood,102,60,--,59,14,51,--,6,86%,87%,60,31,8,12,22,2,--,--,--,3,42,28,6,22,16,--,--,--,--,2,,,,,,,51,41,16,2,1,15,--,--,--,--,2,51,19,43,12,33,23,2,--,--,--,3,5,11,16,11,8,,,,,,,,,,,,,,,,,,,,,,,,,,
Mabel Park State High School,Slacks Creek,81,34,--,76,28,19,--,4,95%,77%,34,33,14,32,26,5,3,--,--,3,47,43,14,42,17,7,--,--,--,3,,,,,,,19,16,18,3,17,11,--,1,--,--,2,62,18,58,25,57,32,12,2,--,--,4,0,2,4,6,7,,,,,,,,,,,,,,,,,,,,,,,,,,
MacGregor State High School,Macgregor,298,217,--,49,23,234,--,29,78%,94%,217,35,16,8,20,4,--,--,--,31,81,14,7,6,3,1,--,--,--,27,,,,,,,234,193,25,10,2,13,2,--,--,--,49,64,24,24,13,12,10,3,--,--,--,9,25,52,49,57,51,,,,,,,,,,,,,,,,,,,,,,,,,,
Mackay Christian College,North Mackay,73,64,--,29,15,32,--,3,89%,86%,64,28,14,14,11,1,--,--,--,1,9,1,1,--,--,--,--,--,--,--,,,,,,,32,27,5,2,4,2,--,--,--,--,1,41,37,24,13,10,9,1,--,--,--,--,6,4,12,6,4,,,,,,,,,,,,,,,,,,,,,,,,,,
Mackay District Special School,Mackay,5,--,5,--,--,--,--,0,--,--,,,,,,,,,,,,,,,,,,,,,,,,,,,,,,,,,,,,,,,,,,,,,,,,,,,,,,,,,,,,,,,,,,,,,,,,,,,,,,,
Mackay North State High School,North Mackay,199,146,1,91,22,128,--,18,87%,97%,146,64,14,12,49,16,--,--,--,7,52,27,8,16,10,--,--,--,--,1,,,,,,,128,111,56,11,7,45,8,--,--,--,7,70,35,35,11,21,14,8,--,--,--,1,18,36,47,21,6,,,,,,,,,,,,,,,,,,,,,,,,,,
Mackay State High School,Mackay,114,83,--,85,14,52,--,12,89%,91%,83,67,10,59,21,2,--,--,--,--,31,18,4,14,3,--,--,--,--,1,,,,,,,52,47,38,3,32,12,--,--,--,--,--,62,36,47,11,41,12,2,--,--,--,1,5,12,16,14,5,,,,,,,,,,,,,,,,,,,,,,,,,,
Mackenzie State Primary and Special School,Mackenzie,9,--,9,--,--,--,--,0,--,--,,,,,,,,,,,,,,,,,,,,,,,,,,,,,,,,,,,,,,,,,,,,,,,,,,,,,,,,,,,,,,,,,,,,,,,,,,,,,,,
Malanda State High School,Malanda,57,45,--,38,5,27,--,3,93%,100%,45,30,2,21,27,10,--,1,--,1,12,8,3,5,2,--,--,--,--,--,,,,,,,27,26,12,2,6,11,1,--,--,--,--,30,19,26,3,20,18,9,--,1,--,1,5,4,9,8,1,,,,,,,,,,,,,,,,,,,,,,,,,,
Maleny State High School,Maleny,106,80,--,75,23,65,--,4,91%,91%,80,59,16,41,41,5,--,--,1,6,26,16,7,13,10,--,--,--,--,--,,,,,,,65,57,39,13,23,24,3,--,--,--,3,41,23,36,10,31,27,2,--,--,1,3,9,14,28,11,3,,,,,,,,,,,,,,,,,,,,,,,,,,
Mansfield State High School,Mansfield,245,192,--,64,6,193,--,21,82%,97%,192,54,4,13,41,1,--,--,1,17,53,10,2,5,4,--,--,--,--,13,,,,,,,193,168,45,4,2,42,1,--,--,1,25,52,24,19,2,16,3,--,--,--,--,5,38,46,42,48,19,,,,,,,,,,,,,,,,,,,,,,,,,,
Mareeba State High School,Mareeba,109,70,1,48,21,54,--,15,83%,93%,70,28,11,1,20,11,--,--,--,1,38,20,10,14,6,1,--,--,--,1,,,,,,,54,49,17,3,2,11,5,--,--,--,2,54,21,31,18,13,15,7,--,--,--,--,12,14,17,8,3,,,,,,,,,,,,,,,,,,,,,,,,,,
Marist College Ashgrove,Ashgrove,247,233,--,57,20,196,--,1,97%,97%,233,51,20,43,42,2,--,--,--,12,14,6,--,5,4,--,--,--,--,1,,,,,,,196,189,7,5,--,4,--,--,--,--,8,51,44,50,15,48,42,2,--,--,--,5,55,62,46,28,5,,,,,,,,,,,,,,,,,,,,,,,,,,
Marist College Emerald,Emerald,60,47,--,51,21,42,--,0,100%,84%,47,38,13,3,31,11,--,--,--,1,13,13,8,4,10,--,--,--,--,--,,,,,,,42,39,33,7,2,28,10,--,--,--,1,18,8,18,14,5,13,1,--,--,--,--,5,12,9,12,4,,,,,,,,,,,,,,,,,,,,,,,,,,
Marist College Rosalie,Paddington,30,21,--,16,2,15,--,0,90%,91%,21,10,2,9,10,1,--,--,--,--,9,6,--,6,4,--,--,--,--,1,,,,,,,15,12,1,--,--,1,1,--,--,--,1,15,9,15,2,15,13,--,--,--,--,--,2,6,3,4,0,,,,,,,,,,,,,,,,,,,,,,,,,,
Maroochydore State High School,Maroochydore,188,157,--,109,24,115,--,9,91%,91%,157,94,20,32,72,12,--,--,4,9,31,15,4,10,6,2,--,--,1,--,,,,,,,115,105,50,11,15,37,6,--,--,5,7,73,52,59,13,27,41,8,--,--,--,2,13,29,41,26,6,,,,,,,,,,,,,,,,,,,,,,,,,,
Marsden State High School,Waterford West,182,79,10,144,26,76,--,0,95%,86%,79,51,8,41,35,8,--,--,--,9,93,84,15,74,22,2,--,--,--,12,10,9,3,9,4,--,76,50,40,5,25,26,5,--,--,--,14,96,29,95,18,90,31,5,--,--,--,7,4,8,16,24,24,,,,,,,,,,,,,,,,,,,,,,,,,,
Mary MacKillop College,Nundah,79,58,--,20,5,67,--,4,82%,94%,58,13,2,--,11,3,--,--,--,4,21,7,3,--,4,--,--,--,--,4,,,,,,,67,53,15,--,--,15,2,--,--,--,7,12,5,5,5,--,--,1,--,--,--,1,5,19,20,15,8,,,,,,,,,,,,,,,,,,,,,,,,,,
Maryborough Special School,Maryborough,4,--,4,2,--,--,--,0,50%,--,,,,,,,,,,,,,,,,,,,,,4,2,--,2,--,--,,,,,,,,,,,,,,,,,,,,,,,,,,,,,,,,,,,,,,,,,,,,,,,,,,,,,
Maryborough State High School,Maryborough,103,82,--,102,7,41,--,0,100%,92%,82,81,5,77,55,--,--,--,5,1,21,21,2,19,13,--,--,--,--,1,,,,,,,41,35,41,1,40,12,--,--,--,5,2,62,47,61,6,56,56,--,--,--,--,--,5,10,8,11,7,,,,,,,,,,,,,,,,,,,,,,,,,,
Marymount College,Burleigh Waters,221,208,--,149,30,123,--,5,98%,93%,208,141,26,82,110,14,--,--,2,16,13,8,4,4,2,--,--,--,--,4,,,,,,,123,123,78,6,49,60,2,--,--,1,3,98,85,71,24,37,52,12,--,--,1,17,10,41,41,30,1,,,,,,,,,,,,,,,,,,,,,,,,,,
Matthew Flinders Anglican College,Buderim,130,121,--,23,6,125,--,2,94%,99%,121,22,5,--,21,--,--,--,5,2,9,1,1,--,--,--,--,--,--,--,,,,,,,125,119,22,5,--,21,--,--,--,5,1,5,2,1,1,--,--,--,--,--,--,1,40,42,31,10,2,,,,,,,,,,,,,,,,,,,,,,,,,,
Merrimac State High School,Mermaid Waters,151,103,5,115,16,85,--,0,95%,81%,103,75,11,51,55,13,1,--,--,12,43,35,4,33,7,--,--,--,--,5,5,5,1,5,--,--,85,71,49,2,27,30,6,1,--,--,7,61,32,61,13,57,32,7,--,--,--,10,9,17,28,26,5,,,,,,,,,,,,,,,,,,,,,,,,,,
Miami State High School,Miami,109,66,--,84,34,41,--,2,96%,94%,66,45,24,19,32,13,--,--,5,10,43,39,10,30,16,3,--,--,--,1,,,,,,,41,34,18,4,12,4,2,--,--,5,3,68,32,66,30,37,44,14,--,--,--,8,4,12,13,8,4,,,,,,,,,,,,,,,,,,,,,,,,,,
Middlemount Community School,Middlemount,15,6,--,9,8,8,--,4,73%,80%,6,4,3,--,3,--,--,--,1,1,9,5,5,--,2,--,--,--,--,--,,,,,,,8,5,6,6,--,2,--,--,--,1,1,7,1,3,2,--,3,--,--,--,--,--,0,1,2,5,0,,,,,,,,,,,,,,,,,,,,,,,,,,
Miles State High School,Miles,28,23,--,24,7,17,--,0,96%,90%,23,20,7,12,15,6,--,--,--,1,5,4,--,4,2,--,--,--,--,--,,,,,,,17,16,15,4,7,10,5,--,--,--,1,11,7,9,3,9,7,1,--,--,--,--,4,3,4,6,0,,,,,,,,,,,,,,,,,,,,,,,,,,
Mirani State High School,Mirani,81,59,--,76,11,42,--,2,95%,100%,59,58,9,58,9,3,--,--,2,--,22,18,2,18,2,1,--,--,--,--,,,,,,,42,36,39,3,39,7,2,--,--,2,--,39,23,37,8,37,4,2,--,--,--,--,4,9,13,12,4,,,,,,,,,,,,,,,,,,,,,,,,,,
Mitchelton Special School,Mitchelton,4,--,4,--,--,--,--,0,--,--,,,,,,,,,,,,,,,,,,,,,,,,,,,,,,,,,,,,,,,,,,,,,,,,,,,,,,,,,,,,,,,,,,,,,,,,,,,,,,,
Mitchelton State High School,Mitchelton,74,47,1,44,13,39,--,7,86%,93%,47,27,5,11,18,8,--,--,--,6,26,17,8,10,4,1,--,--,--,1,,,,,,,39,33,18,6,2,7,7,--,--,--,4,34,14,26,7,19,15,2,--,--,--,3,8,8,12,8,3,,,,,,,,,,,,,,,,,,,,,,,,,,
Monto State High School,Monto,19,14,--,16,4,7,--,1,95%,100%,14,12,2,9,9,1,--,--,1,1,5,4,2,3,3,--,--,--,--,--,,,,,,,7,7,5,1,3,4,--,--,--,1,--,12,7,11,3,9,8,1,--,--,--,1,1,1,4,1,0,,,,,,,,,,,,,,,,,,,,,,,,,,
Moranbah State High School,Moranbah,74,56,--,60,16,34,--,1,93%,95%,56,47,13,24,41,--,--,--,--,--,18,13,3,12,6,--,--,--,--,1,,,,,,,34,28,21,8,6,19,--,--,--,--,1,40,28,39,8,30,28,--,--,--,--,--,3,7,10,12,2,,,,,,,,,,,,,,,,,,,,,,,,,,
Morayfield State High School,Morayfield,125,88,--,83,13,52,--,8,90%,88%,88,59,9,30,49,10,--,--,--,4,37,24,4,13,17,3,--,--,--,--,,,,,,,52,41,24,4,4,22,1,--,--,--,4,73,47,59,9,39,44,12,--,--,--,--,6,13,17,12,4,,,,,,,,,,,,,,,,,,,,,,,,,,
Moreton Bay College,Wynnum West,140,131,1,24,--,99,--,5,96%,95%,131,21,--,1,19,2,1,--,--,8,8,3,--,2,2,--,--,--,--,3,,,,,,,99,99,13,--,--,12,2,1,--,--,2,40,32,11,--,3,9,--,--,--,--,9,43,32,21,3,0,,,,,,,,,,,,,,,,,,,,,,,,,,
Mossman State High School,Mossman,80,54,1,33,17,41,--,11,79%,96%,54,24,10,14,16,6,--,--,--,1,25,9,7,3,3,--,--,--,--,2,,,,,,,41,35,13,3,8,11,2,--,--,--,3,38,19,20,14,9,8,4,--,--,--,--,4,11,11,13,2,,,,,,,,,,,,,,,,,,,,,,,,,,
Mount Alvernia College,Kedron,125,113,--,40,7,73,--,9,92%,95%,113,38,5,1,33,10,1,--,--,10,12,2,2,--,--,--,--,--,--,2,,,,,,,73,72,19,1,--,18,1,1,--,--,1,52,41,21,6,1,15,9,--,--,--,11,15,27,21,10,0,,,,,,,,,,,,,,,,,,,,,,,,,,
Mount Gravatt State High School,Mount Gravatt,103,81,2,102,9,73,--,0,99%,93%,81,81,7,80,18,5,--,--,--,10,20,20,2,20,1,1,--,--,--,6,2,1,--,1,--,--,73,63,73,5,72,14,2,--,--,--,12,28,18,28,4,28,5,4,--,--,--,4,9,16,24,21,3,,,,,,,,,,,,,,,,,,,,,,,,,,
Mount Morgan State High School,Mount Morgan,30,7,--,23,4,4,--,5,80%,67%,7,6,2,3,3,3,--,--,--,1,23,17,2,14,4,1,--,--,--,--,,,,,,,4,1,2,--,--,2,--,--,--,--,--,26,6,21,4,17,5,4,--,--,--,1,0,0,1,1,2,,,,,,,,,,,,,,,,,,,,,,,,,,
Mount St Bernard College,Herberton,28,18,--,13,4,14,--,5,79%,90%,18,9,3,--,8,3,--,--,--,1,10,4,1,--,3,--,--,--,--,--,,,,,,,14,12,7,2,--,6,2,--,--,--,--,14,6,6,2,--,5,1,--,--,--,1,1,2,8,3,0,,,,,,,,,,,,,,,,,,,,,,,,,,
Mountain Creek State High School,Mountain Creek,305,243,--,139,21,204,15,6,91%,93%,243,105,18,55,54,8,2,--,13,11,62,34,3,25,11,--,--,--,2,7,,,,,,,204,177,66,9,17,46,7,2,--,14,8,84,50,72,11,63,18,1,--,--,1,10,28,38,79,49,10,,,,,,,,,,,,2,1,1,1,--,1,--,--,--,--,--,0,6,2,7
Moura State High School,Moura,22,10,2,13,4,8,--,3,68%,100%,10,8,1,5,7,--,--,--,--,1,10,5,3,2,1,--,--,--,--,--,,,,,,,8,6,4,1,2,4,--,--,--,--,1,12,4,9,3,5,4,--,--,--,--,--,0,3,1,4,0,,,,,,,,,,,,,,,,,,,,,,,,,,
Mt Maria College,Mitchelton,106,90,--,53,12,61,--,4,92%,97%,90,45,10,19,42,--,--,--,--,10,16,8,2,5,6,--,--,--,--,1,,,,,,,61,57,12,1,1,10,--,--,--,--,4,45,33,41,11,23,38,--,--,--,--,7,10,17,14,15,5,,,,,,,,,,,,,,,,,,,,,,,,,,
Mt Maria College - Petrie,Petrie,18,12,--,15,6,--,--,3,83%,--,12,12,4,12,2,1,--,--,--,--,6,3,2,2,1,--,--,--,--,--,,,,,,,,,,,,,,,,,,,,,,,,,,,,,,,,,,,,,,,,,,,,,,,,,,,,,,,,,,,
Mt Ommaney Special School,Mount Ommaney,3,--,3,--,--,--,--,0,--,--,,,,,,,,,,,,,,,,,,,,,,,,,,,,,,,,,,,,,,,,,,,,,,,,,,,,,,,,,,,,,,,,,,,,,,,,,,,,,,,
Mt St Michael's College,Ashgrove,143,140,--,75,27,93,--,0,99%,93%,140,73,25,13,53,18,--,--,--,14,3,2,2,--,1,1,--,--,--,2,,,,,,,93,92,34,2,6,30,2,--,--,--,6,50,48,41,25,7,24,17,--,--,--,10,21,33,26,12,1,,,,,,,,,,,,,,,,,,,,,,,,,,
Mudgeeraba Special School,Mudgeeraba,6,--,6,--,--,--,--,0,--,--,,,,,,,,,,,,,,,,,,,,,,,,,,,,,,,,,,,,,,,,,,,,,,,,,,,,,,,,,,,,,,,,,,,,,,,,,,,,,,,
Mueller College,Rothwell,76,52,--,21,7,45,--,15,76%,94%,52,15,3,--,7,9,--,--,--,2,24,6,4,1,2,1,--,--,--,4,,,,,,,45,42,8,--,--,5,4,--,--,--,3,31,10,13,7,1,4,6,--,--,--,3,8,11,16,9,1,,,,,,,,,,,,,,,,,,,,,,,,,,
Murgon State High School,Murgon,61,34,--,43,13,23,--,5,89%,94%,34,23,5,17,15,4,--,--,--,2,27,20,8,10,6,--,--,--,--,2,,,,,,,23,20,12,2,5,8,2,--,--,--,1,38,14,31,11,22,13,2,--,--,--,3,2,6,7,4,4,,,,,,,,,,,,,,,,,,,,,,,,,,
Nambour Christian College,Woombye,110,89,--,46,26,93,--,1,91%,93%,89,35,21,5,27,5,1,--,2,7,21,11,5,4,5,--,--,--,--,2,,,,,,,93,80,30,18,1,24,5,--,--,2,8,17,9,16,8,8,8,--,1,--,--,1,15,34,24,20,0,,,,,,,,,,,,,,,,,,,,,,,,,,
Nambour Special School,Nambour,14,--,14,3,1,--,--,0,21%,--,,,,,,,,,,,,,,,,,,,,,14,3,1,--,2,--,,,,,,,,,,,,,,,,,,,,,,,,,,,,,,,,,,,,,,,,,,,,,,,,,,,,,
Nambour State College,Nambour,199,144,2,105,56,129,--,16,84%,96%,144,82,46,19,57,13,--,--,20,13,53,22,10,5,14,--,--,--,--,3,2,1,--,1,--,--,129,110,55,26,11,36,6,--,--,20,10,68,34,49,30,13,35,7,--,--,--,6,19,32,34,26,18,,,,,,,,,,,,,,,,,,,,,,,,,,
Nanango State High School,Nanango,72,38,3,35,11,34,--,15,69%,96%,38,23,9,6,20,--,--,--,--,--,31,12,2,6,5,--,--,--,--,--,,,,,,,34,29,16,6,3,12,--,--,--,--,--,35,9,19,5,9,13,--,--,--,--,--,5,5,11,9,4,,,,,,,,,,,,,,,,,,,,,,,,,,
Narangba Valley State High School,Narangba,180,146,2,115,24,107,--,10,91%,92%,146,97,20,25,69,43,--,--,--,13,32,18,4,10,9,2,--,--,--,2,,,,,,,107,101,60,12,5,44,24,--,--,--,10,71,45,55,12,30,34,21,--,--,--,5,18,24,27,32,6,,,,,,,,,,,,,,,,,,,,,,,,,,
Narbethong State Special School,Buranda,3,--,3,--,--,--,--,0,--,--,,,,,,,,,,,,,,,,,,,,,,,,,,,,,,,,,,,,,,,,,,,,,,,,,,,,,,,,,,,,,,,,,,,,,,,,,,,,,,,
Nerang State High School,Nerang,106,78,3,80,12,50,--,1,94%,95%,78,58,9,30,42,8,--,--,--,5,25,19,2,13,11,1,--,--,--,2,3,3,1,3,--,--,50,43,26,7,7,18,4,--,--,--,4,53,35,51,4,36,35,5,--,--,--,3,4,14,13,10,9,,,,,,,,,,,,,,,,,,,,,,,,,,
Noosa District State High School,Cooroy,172,128,1,113,32,96,--,5,94%,96%,128,80,25,35,70,9,--,--,1,5,43,33,7,23,20,2,--,--,--,4,,,,,,,96,82,47,13,11,38,2,--,--,1,3,75,46,66,19,47,52,9,--,--,--,6,11,25,31,28,1,,,,,,,,,,,,,,,,,,,,,,,,,,
Noosa Flexible Learning Centre,Sunshine Beach,6,--,--,4,--,--,--,2,67%,--,,,,,,,,,,,6,4,--,4,--,--,--,--,1,--,,,,,,,,,,,,,,,,,,,,,,,,,,,,,,,,,,,,,,,,,,,,,,,,,,,,,,,,,,,
North Lakes State College,North Lakes,86,71,--,72,6,46,--,3,94%,97%,71,62,6,56,45,7,--,--,--,6,15,10,--,9,6,--,--,--,--,2,,,,,,,46,43,36,3,33,23,3,--,--,--,3,40,28,36,3,32,28,4,--,--,--,5,6,4,15,17,4,,,,,,,,,,,,,,,,,,,,,,,,,,
North Rockhampton State High School,Rockhampton North,131,56,1,67,12,59,--,29,66%,95%,56,36,5,1,35,9,--,--,1,--,74,31,7,11,24,2,--,--,--,2,,,,,,,59,40,28,2,1,27,4,--,--,1,1,71,16,39,10,11,32,7,--,--,--,1,12,6,22,17,2,,,,,,,,,,,,,,,,,,,,,,,,,,
Northern Beaches State High School,Deeragun,55,35,1,36,6,23,--,2,84%,93%,35,25,3,8,19,1,--,--,--,3,19,11,3,5,6,2,--,--,--,1,,,,,,,23,17,11,2,2,8,1,--,--,--,2,31,18,25,4,11,17,2,--,--,--,2,1,2,8,7,5,,,,,,,,,,,,,,,,,,,,,,,,,,
Northern Peninsula Area State College,Bamaga,26,4,--,12,--,3,--,13,50%,--,4,3,--,1,3,--,--,--,--,1,22,9,--,6,2,1,--,--,--,--,,,,,,,3,3,2,--,--,2,--,--,--,--,1,23,1,10,--,7,3,1,--,--,--,--,0,0,3,0,0,,,,,,,,,,,,,,,,,,,,,,,,,,
Northpine Christian College,Dakabin,38,26,--,7,2,33,--,1,74%,91%,26,5,--,--,4,1,--,--,--,1,12,2,2,--,1,--,--,--,--,1,,,,,,,33,24,5,--,--,4,1,--,--,--,2,5,2,2,2,--,1,--,--,--,--,--,4,6,13,9,1,,,,,,,,,,,,,,,,,,,,,,,,,,
Northside Christian College,Everton Park,114,94,--,41,6,84,--,7,90%,95%,94,32,3,4,15,21,--,--,3,7,20,9,3,5,4,--,--,--,--,2,,,,,,,84,79,24,--,--,13,14,--,--,3,4,30,15,17,6,9,6,7,--,--,--,5,13,28,28,13,2,,,,,,,,,,,,,,,,,,,,,,,,,,
Nursery Road State Special School,Holland Park,4,--,4,--,--,--,--,0,--,--,,,,,,,,,,,,,,,,,,,,,,,,,,,,,,,,,,,,,,,,,,,,,,,,,,,,,,,,,,,,,,,,,,,,,,,,,,,,,,,
Nyanda State High School,Salisbury,61,39,2,30,5,30,--,6,80%,100%,39,20,4,11,11,2,--,--,--,4,20,10,1,8,1,--,--,--,--,5,,,,,,,30,21,14,1,8,8,1,--,--,--,7,29,18,16,4,11,4,1,--,--,--,2,2,5,4,7,12,,,,,,,,,,,,,,,,,,,,,,,,,,
Oakey State High School,Oakey,52,32,--,35,19,19,--,8,79%,100%,32,26,14,14,19,8,--,--,--,2,20,9,5,6,3,--,--,--,--,--,,,,,,,19,16,10,6,4,6,4,--,--,--,--,33,16,25,13,16,16,4,--,--,--,2,3,7,5,4,0,,,,,,,,,,,,,,,,,,,,,,,,,,
Ormiston College,Ormiston,115,115,--,--,--,90,--,0,100%,94%,115,--,--,--,--,--,--,--,3,3,,,,,,,,,,,,,,,,,90,90,--,--,--,--,--,--,--,3,2,25,25,--,--,--,--,--,--,--,--,1,26,37,16,10,1,,,,,,,,,,,,,,,,,,,,,,,,,,
Our Lady of the Southern Cross College,Dalby,32,25,1,2,2,30,--,0,81%,95%,25,1,1,--,1,--,--,--,1,3,6,1,1,--,--,--,--,--,--,--,,,,,,,30,25,1,1,--,1,--,--,--,1,3,1,0,1,1,--,--,--,--,--,--,--,5,11,4,9,1,,,,,,,,,,,,,,,,,,,,,,,,,,
Our Lady's College,Annerley,74,63,--,48,2,53,--,6,91%,91%,63,44,2,--,31,21,--,--,--,11,11,4,--,--,3,1,--,--,--,1,,,,,,,53,51,36,2,--,25,17,--,--,--,7,21,12,12,--,--,9,5,--,--,--,5,2,13,20,11,7,,,,,,,,,,,,,,,,,,,,,,,,,,
Pacific Lutheran College,Meridan Plains,61,54,--,21,11,54,--,1,97%,94%,54,16,7,12,6,2,--,--,1,1,7,5,4,3,2,--,--,--,--,1,,,,,,,54,50,15,6,9,4,1,--,--,1,2,7,4,6,5,6,4,1,--,--,--,--,8,11,16,17,2,,,,,,,,,,,,,,,,,,,,,,,,,,
Pacific Pines State High School,Pacific Pines,163,162,--,151,53,43,--,0,100%,96%,162,150,52,131,117,18,--,--,4,18,1,1,1,1,--,--,--,--,--,--,,,,,,,43,43,31,7,20,27,3,--,--,3,2,120,119,120,46,112,90,15,--,--,1,16,1,16,14,8,4,,,,,,,,,,,,,,,,,,,,,,,,,,
Padua College,Kedron,138,133,1,28,17,103,--,1,96%,95%,133,28,17,--,13,8,1,--,--,11,,,,,,,,,,,,,,,,,103,100,9,4,--,6,--,--,--,--,3,34,33,19,13,--,7,8,1,--,--,8,18,33,39,13,0,,,,,,,,,,,,,,,,,,,,,,,,,,
Palm Beach-Currumbin State High School,Palm Beach,295,249,--,225,46,108,--,4,98%,87%,249,186,44,127,132,14,--,--,2,13,46,39,2,36,11,1,--,--,--,2,,,,,,,108,103,45,5,11,35,2,--,--,2,2,187,146,180,41,152,108,13,--,--,--,13,19,34,36,16,3,,,,,,,,,,,,,,,,,,,,,,,,,,
Park Ridge State High School,Park Ridge,169,124,--,166,24,69,--,1,99%,90%,124,123,15,123,29,7,1,--,1,12,45,43,9,40,9,1,--,--,--,1,,,,,,,69,63,68,5,68,13,4,--,--,1,6,100,61,98,19,95,25,4,1,--,--,7,4,15,17,20,13,,,,,,,,,,,,,,,,,,,,,,,,,,
Parklands Christian College,Park Ridge,9,3,--,1,--,8,--,0,33%,67%,3,1,--,1,--,1,--,--,--,--,,,,,,,,,,,,,,,,,,,,,,,,,,,,1,1,1,--,1,--,1,--,--,--,--,0,0,3,4,1,,,,,,,,,,,,,,,,,,,,,,,,,,
Peace Lutheran College,Kamerunga,32,23,--,7,4,22,--,3,84%,84%,23,3,1,2,1,--,--,--,--,--,9,4,3,1,--,1,--,--,--,--,,,,,,,22,20,1,1,--,1,--,--,--,--,--,10,3,6,3,3,--,1,--,--,--,--,3,8,4,3,4,,,,,,,,,,,,,,,,,,,,,,,,,,
Pimlico State High School,Pimlico,247,191,--,113,10,194,--,4,89%,99%,191,83,8,30,69,1,--,--,--,4,56,30,2,23,10,2,--,--,--,4,,,,,,,194,166,64,3,13,59,2,--,--,--,3,53,25,49,7,40,20,1,--,--,--,5,38,44,62,40,10,,,,,,,,,,,,,,,,,,,,,,,,,,
Pine Rivers Special School,Lawnton,3,--,3,--,--,--,--,0,--,--,,,,,,,,,,,,,,,,,,,,,,,,,,,,,,,,,,,,,,,,,,,,,,,,,,,,,,,,,,,,,,,,,,,,,,,,,,,,,,,
Pine Rivers State High School,Strathpine,256,180,--,197,23,128,--,11,91%,95%,180,145,15,106,111,17,--,--,--,17,76,52,8,45,35,--,--,--,--,4,,,,,,,128,105,85,5,66,54,6,--,--,--,10,128,75,112,18,85,92,11,--,--,--,11,18,24,42,30,14,,,,,,,,,,,,,,,,,,,,,,,,,,
Pioneer State High School,Andergrove Mackay,112,63,1,38,20,62,--,24,68%,93%,63,25,14,1,18,1,--,--,--,3,48,13,6,2,5,2,--,--,--,--,,,,,,,62,46,22,11,--,17,--,--,--,--,2,49,17,16,9,3,6,3,--,--,--,1,4,19,13,22,4,,,,,,,,,,,,,,,,,,,,,,,,,,
Pittsworth State High School,Pittsworth,77,42,--,37,30,41,--,12,77%,84%,42,20,16,7,15,2,--,--,--,3,35,17,14,5,6,1,--,--,--,1,,,,,,,41,32,13,8,6,9,2,--,--,--,2,36,10,24,22,6,12,1,--,--,--,2,1,6,15,17,2,,,,,,,,,,,,,,,,,,,,,,,,,,
Proserpine State High School,Proserpine,121,78,2,59,26,62,--,10,82%,96%,78,38,17,7,19,15,--,--,--,5,41,21,9,9,5,4,--,--,--,--,,,,,,,62,51,17,5,2,10,4,--,--,--,2,57,27,42,21,14,14,15,--,--,--,3,8,13,23,16,2,,,,,,,,,,,,,,,,,,,,,,,,,,
Qld Academy for Science Mathematics and Technology,Toowong,83,64,--,1,--,--,66,14,83%,91%,64,1,--,--,1,--,--,--,3,--,19,--,--,--,--,--,--,--,--,4,,,,,,,,,,,,,,,,,,,,,,,,,,,,,,,,,,66,61,1,--,--,1,--,--,--,3,1,13,3,--,--,--,--,--,--,--,--,2,2,13,23,27
Queensland Academy for Creative Industries,Kelvin Grove,42,35,--,--,--,--,39,2,95%,92%,35,--,--,--,--,--,--,--,2,2,,,,,,,,,,,,,,,,,,,,,,,,,,,,,,,,,,,,,,,,,,,,39,34,--,--,--,--,--,--,--,2,2,0,--,--,--,--,--,--,--,--,--,--,0,3,18,18
Ravenshoe State School,Ravenshoe,21,4,1,16,3,4,--,3,76%,50%,4,4,1,3,4,2,--,--,--,--,16,12,2,7,8,1,--,--,--,1,,,,,,,4,1,3,--,1,3,--,--,--,--,--,16,3,13,3,9,9,3,--,--,--,1,0,1,0,1,2,,,,,,,,,,,,,,,,,,,,,,,,,,
Redbank Plains State High School,Redbank Plains,127,63,--,68,20,56,--,20,80%,86%,63,30,6,16,11,6,--,--,--,6,64,38,14,24,5,7,--,--,--,5,,,,,,,56,43,20,4,9,5,4,--,--,--,5,71,20,48,16,31,11,9,--,--,--,6,1,11,8,23,13,,,,,,,,,,,,,,,,,,,,,,,,,,
Redcliffe Special School,Redcliffe,9,--,9,1,--,--,--,0,11%,--,,,,,,,,,,,,,,,,,,,,,9,1,--,1,--,--,,,,,,,,,,,,,,,,,,,,,,,,,,,,,,,,,,,,,,,,,,,,,,,,,,,,,
Redcliffe State High School,Redcliffe,128,104,--,118,20,63,--,0,99%,96%,104,95,16,76,63,20,--,--,--,14,24,23,4,18,10,1,--,--,--,3,,,,,,,63,59,53,--,38,30,9,--,--,--,11,65,45,65,20,56,43,12,--,--,--,6,9,18,19,16,1,,,,,,,,,,,,,,,,,,,,,,,,,,
Redeemer Lutheran College,Rochedale,151,138,--,73,7,129,--,2,93%,96%,138,70,6,17,56,14,--,--,1,12,13,3,1,--,3,--,--,--,--,2,,,,,,,129,119,58,2,8,52,9,--,--,1,9,22,19,15,5,9,7,5,--,--,--,5,38,33,26,28,4,,,,,,,,,,,,,,,,,,,,,,,,,,
Redland District Special School,Thornlands,13,--,13,2,--,--,--,0,15%,--,,,,,,,,,,,,,,,,,,,,,13,2,--,2,--,--,,,,,,,,,,,,,,,,,,,,,,,,,,,,,,,,,,,,,,,,,,,,,,,,,,,,,
Redlands College,Wellington Point,123,123,--,49,18,86,--,0,100%,100%,123,49,18,6,49,26,--,--,--,17,,,,,,,,,,,,,,,,,86,86,12,--,--,12,--,--,--,--,9,37,37,37,18,6,37,26,--,--,--,8,22,29,22,10,3,,,,,,,,,,,,,,,,,,,,,,,,,,
Rivermount College - Yatala,Yatala,67,57,1,14,12,51,--,3,91%,96%,57,10,8,--,1,5,--,--,--,2,9,4,4,--,--,--,--,--,--,1,,,,,,,51,49,5,4,--,--,3,--,--,--,3,15,8,9,8,--,1,2,--,--,--,--,7,16,14,11,3,,,,,,,,,,,,,,,,,,,,,,,,,,
Riverside Christian College,Maryborough West,20,11,--,7,--,11,--,5,70%,100%,11,4,--,1,3,--,--,--,--,1,9,3,--,--,2,1,--,--,--,2,,,,,,,11,9,3,--,--,3,--,--,--,--,1,9,2,4,--,1,2,1,--,--,--,2,0,4,5,1,1,,,,,,,,,,,,,,,,,,,,,,,,,,
Robina State High School,Robina,235,170,--,132,40,123,--,13,92%,98%,170,86,34,41,35,20,--,--,14,12,65,46,6,41,10,--,--,--,1,4,,,,,,,123,114,42,20,7,22,11,--,--,15,7,112,56,90,20,75,23,9,--,--,--,9,16,41,40,21,5,,,,,,,,,,,,,,,,,,,,,,,,,,
Rochedale State High School,Rochedale,85,53,--,42,8,40,--,11,79%,90%,53,28,4,14,10,2,--,--,--,2,32,14,4,8,2,--,--,--,--,5,,,,,,,40,30,15,3,4,8,2,--,--,--,4,45,23,27,5,18,4,--,--,--,--,3,3,5,11,11,10,,,,,,,,,,,,,,,,,,,,,,,,,,
Rockhampton Girls' Grammar School,Rockhampton,52,47,--,25,5,40,--,4,90%,91%,47,25,5,9,23,1,--,--,1,--,,,,,,,,,,,,,,,,,40,39,18,2,5,17,1,--,--,1,--,12,8,7,3,4,6,--,--,--,--,--,12,10,12,3,3,,,,,,,,,,,,,,,,,,,,,,,,,,
Rockhampton North Special School,Rockhampton North,6,--,3,1,--,--,--,3,17%,--,,,,,,,,,,,,,,,,,,,,,3,1,--,1,--,--,,,,,,,,,,,,,,,,,,,,,,,,,,,,,,,,,,,,,,,,,,,,,,,,,,,,,
Rockhampton Special School,Rockhampton,2,--,2,1,1,--,--,0,50%,--,,,,,,,,,,,,,,,,,,,,,2,1,1,1,--,--,,,,,,,,,,,,,,,,,,,,,,,,,,,,,,,,,,,,,,,,,,,,,,,,,,,,,
Rockhampton State High School,Rockhampton,117,64,--,54,18,41,--,28,70%,88%,64,36,12,9,24,11,--,--,--,2,53,18,6,9,7,--,--,--,--,3,,,,,,,41,34,15,1,3,10,5,--,--,--,2,76,30,39,17,15,21,6,--,--,--,3,5,7,8,11,10,,,,,,,,,,,,,,,,,,,,,,,,,,
Roma State College,Roma,47,32,--,34,16,18,--,4,89%,87%,32,24,9,10,16,1,--,--,1,4,15,10,7,2,5,1,--,--,--,1,,,,,,,18,17,10,2,8,5,--,--,--,1,2,29,15,24,14,4,16,2,--,--,--,3,2,4,8,4,0,,,,,,,,,,,,,,,,,,,,,,,,,,
Rosedale State School,Rosedale,29,9,--,21,1,9,--,3,79%,60%,9,7,--,5,5,--,--,--,--,--,20,14,1,7,8,--,--,--,--,--,,,,,,,9,5,4,--,2,3,--,--,--,--,--,20,4,17,1,10,10,--,--,--,--,--,0,2,3,3,1,,,,,,,,,,,,,,,,,,,,,,,,,,
Rosella Park School,Gladstone,9,--,9,--,--,--,--,0,--,--,,,,,,,,,,,,,,,,,,,,,,,,,,,,,,,,,,,,,,,,,,,,,,,,,,,,,,,,,,,,,,,,,,,,,,,,,,,,,,,
Rosewood State High School,Rosewood,83,42,1,72,12,34,--,5,88%,100%,42,41,5,38,9,6,--,--,--,3,40,30,7,27,3,3,--,--,--,3,1,1,--,1,--,--,34,20,28,4,25,4,2,--,--,--,3,48,22,43,8,40,8,7,--,--,--,3,2,9,9,11,3,,,,,,,,,,,,,,,,,,,,,,,,,,
Runcorn State High School,Runcorn,195,146,1,172,43,111,--,4,96%,92%,146,130,28,115,63,7,--,--,1,17,48,42,15,39,25,--,--,--,--,7,,,,,,,111,99,94,8,82,30,3,--,--,1,12,83,47,78,35,72,58,4,--,--,--,12,13,26,33,26,13,,,,,,,,,,,,,,,,,,,,,,,,,,
Ryan Catholic College,Kirwan,179,164,--,93,14,136,--,6,94%,99%,164,89,11,3,80,10,--,--,6,6,15,4,3,--,2,--,--,--,--,1,,,,,,,136,130,65,7,--,63,4,--,--,6,3,43,34,28,7,3,19,6,--,--,--,4,19,27,35,45,10,,,,,,,,,,,,,,,,,,,,,,,,,,
Saint Mary's Catholic College  South Burnett,Kingaroy,22,15,--,12,5,11,--,3,82%,100%,15,9,2,--,7,4,--,--,--,2,7,3,3,--,2,--,--,--,--,--,,,,,,,11,10,6,2,--,5,1,--,--,--,--,11,5,6,3,--,4,3,--,--,--,2,4,3,2,2,0,,,,,,,,,,,,,,,,,,,,,,,,,,
Saint Stephen's College,Coomera,73,65,--,8,5,67,--,2,90%,90%,65,7,4,--,--,7,--,--,5,3,8,1,1,--,--,--,--,--,--,2,,,,,,,67,62,4,3,--,--,4,--,--,5,4,6,3,4,2,--,--,3,--,--,--,1,16,23,21,7,0,,,,,,,,,,,,,,,,,,,,,,,,,,
San Sisto College,Carina,76,71,--,37,23,57,--,0,96%,86%,71,35,22,23,22,11,--,--,--,8,5,2,1,1,--,--,--,--,--,--,,,,,,,57,52,18,6,13,4,2,--,--,--,6,19,19,19,17,11,18,9,--,--,--,2,7,15,14,21,0,,,,,,,,,,,,,,,,,,,,,,,,,,
Sandgate District State High School,Sandgate,185,131,2,71,19,102,--,24,81%,92%,131,53,12,17,29,11,--,--,--,14,52,18,7,5,7,2,--,--,--,7,,,,,,,102,87,30,6,4,21,8,--,--,--,16,81,44,41,13,18,15,5,--,--,--,5,12,20,25,33,12,,,,,,,,,,,,,,,,,,,,,,,,,,
Sarina State High School,Sarina,73,45,--,63,9,24,--,6,90%,83%,45,42,6,35,29,6,--,--,--,4,28,21,3,17,8,--,--,--,--,--,,,,,,,24,22,21,3,16,17,2,--,--,--,--,49,23,42,6,36,20,4,--,--,--,4,2,5,6,9,2,,,,,,,,,,,,,,,,,,,,,,,,,,
Scots PGC College,Warwick,59,54,--,34,7,53,--,1,95%,89%,54,32,7,--,30,8,--,--,--,3,5,2,--,--,2,--,--,--,--,--,,,,,,,53,49,29,5,--,27,6,--,--,--,3,6,5,5,2,--,5,2,--,--,--,--,10,10,17,12,4,,,,,,,,,,,,,,,,,,,,,,,,,,
Seton College,Mount Gravatt East,14,--,14,13,2,--,--,0,93%,--,,,,,,,,,,,,,,,,,,,,,14,13,2,13,--,--,,,,,,,,,,,,,,,,,,,,,,,,,,,,,,,,,,,,,,,,,,,,,,,,,,,,,
Shailer Park State High School,Shailer Park,131,90,7,131,12,57,--,0,100%,94%,90,90,9,90,18,1,--,--,3,8,34,34,2,34,6,--,--,--,--,3,7,7,1,7,--,--,57,50,57,3,57,3,1,--,--,2,7,67,40,67,8,67,21,--,--,--,1,4,3,10,19,16,9,,,,,,,,,,,,,,,,,,,,,,,,,,
Shalom Christian College,Condon,15,--,--,6,4,--,--,9,40%,--,,,,,,,,,,,15,6,4,2,5,--,--,--,--,1,,,,,,,,,,,,,,,,,,,,,,,,,,,,,,,,,,,,,,,,,,,,,,,,,,,,,,,,,,,
Shalom College,Bundaberg,125,116,--,72,9,93,--,4,94%,99%,116,70,8,20,54,1,--,--,--,1,9,2,1,1,--,--,--,--,--,--,,,,,,,93,90,50,1,6,48,--,--,--,--,--,32,26,22,8,15,6,1,--,--,--,1,24,23,32,11,3,,,,,,,,,,,,,,,,,,,,,,,,,,
Sheldon College,Sheldon,111,108,--,102,29,101,--,0,100%,98%,108,99,27,--,95,24,--,1,2,3,3,3,2,--,3,--,--,--,--,--,,,,,,,101,100,92,22,--,88,23,--,1,2,3,10,8,10,7,--,10,1,--,--,--,--,21,35,22,23,0,,,,,,,,,,,,,,,,,,,,,,,,,,
Siena Catholic College,Sippy Downs,139,128,--,62,20,120,--,0,98%,97%,128,54,16,13,42,4,--,--,5,8,11,8,4,1,5,--,--,--,--,1,,,,,,,120,115,44,8,4,36,3,--,--,5,7,19,13,18,12,10,11,1,--,--,--,2,16,37,46,21,0,,,,,,,,,,,,,,,,,,,,,,,,,,
Smithfield State High School,Smithfield,136,51,2,49,17,73,--,32,57%,80%,51,22,5,2,8,13,10,--,--,1,83,27,12,8,11,6,--,--,--,5,,,,,,,73,48,21,4,1,7,12,10,--,--,2,61,3,28,13,9,12,7,--,--,--,4,7,21,21,15,9,,,,,,,,,,,,,,,,,,,,,,,,,,
Somerset College,Mudgeeraba,129,116,--,--,--,106,17,6,90%,97%,,,,,,,,,,,13,--,--,--,--,--,--,--,--,2,,,,,,,105,99,--,--,--,--,--,--,--,--,1,,,,,,,,,,,,37,38,20,9,2,,,,,,,,,,,,2,1,--,--,--,--,--,--,--,--,1,3,7,4,2
Somerville House,South Brisbane,164,161,--,41,7,145,--,1,99%,98%,161,40,7,--,26,15,2,--,3,7,3,1,--,--,--,1,--,--,--,--,,,,,,,145,144,23,--,--,23,--,--,--,3,4,19,17,18,7,--,3,16,2,--,--,3,45,49,39,9,3,,,,,,,,,,,,,,,,,,,,,,,,,,
Southern Cross Catholic College,Scarborough,92,67,--,35,9,66,--,11,79%,83%,67,29,7,7,22,2,--,--,--,2,25,6,2,2,3,--,--,--,--,1,,,,,,,66,56,21,3,5,16,--,--,--,--,1,26,11,14,6,4,9,2,--,--,--,2,13,12,22,16,3,,,,,,,,,,,,,,,,,,,,,,,,,,
Southport Special  School,Southport,8,--,8,--,--,--,--,0,--,--,,,,,,,,,,,,,,,,,,,,,,,,,,,,,,,,,,,,,,,,,,,,,,,,,,,,,,,,,,,,,,,,,,,,,,,,,,,,,,,
Southport State High School,Southport,117,71,6,110,14,56,--,1,96%,95%,71,69,9,69,29,7,--,--,4,4,40,39,3,39,8,--,--,--,--,1,6,2,2,--,1,--,56,45,54,3,54,13,2,--,--,4,3,55,26,54,9,54,24,5,--,--,--,2,4,19,16,13,4,,,,,,,,,,,,,,,,,,,,,,,,,,
Spinifex State College Mount Isa,Mount Isa,122,63,1,92,31,47,--,16,80%,86%,63,58,12,39,44,3,--,--,--,1,58,34,19,24,10,--,--,--,--,--,,,,,,,47,31,37,5,26,25,--,--,--,--,--,74,32,55,26,37,29,3,--,--,--,1,8,9,9,16,5,,,,,,,,,,,,,,,,,,,,,,,,,,
Springwood State High School,Springwood,151,113,--,110,18,59,--,2,97%,96%,113,76,12,55,32,12,--,--,9,15,38,34,6,27,8,2,--,--,--,4,,,,,,,59,52,25,2,15,15,--,--,--,9,9,92,61,85,16,67,25,14,--,--,--,10,3,13,17,16,10,,,,,,,,,,,,,,,,,,,,,,,,,,
St Aidan's Anglican Girls' School,Corinda,106,103,--,20,4,98,--,0,98%,97%,103,19,3,7,16,1,1,--,1,7,3,1,1,--,1,--,--,--,--,2,,,,,,,98,96,15,--,4,14,--,--,--,1,7,8,7,5,4,3,3,1,1,--,--,2,31,29,23,13,2,,,,,,,,,,,,,,,,,,,,,,,,,,
St Andrew's Anglican College,Peregian Springs,36,35,--,21,3,33,--,0,100%,96%,35,20,3,--,19,--,--,--,--,--,1,1,--,--,1,--,--,--,--,--,,,,,,,33,32,18,--,--,18,--,--,--,--,--,3,3,3,3,--,2,--,--,--,--,--,7,8,13,4,1,,,,,,,,,,,,,,,,,,,,,,,,,,
St Andrews Lutheran College,Tallebudgera,60,48,--,13,5,52,--,4,85%,97%,48,10,3,--,7,3,--,--,1,2,12,3,2,--,3,--,--,--,--,1,,,,,,,52,46,9,2,--,7,2,--,--,1,2,8,2,4,3,--,3,1,--,--,--,1,10,13,19,9,1,,,,,,,,,,,,,,,,,,,,,,,,,,
St Augustine's College,Cairns,95,81,--,12,3,70,--,7,86%,94%,81,11,2,10,1,--,--,--,--,2,14,1,1,--,--,--,--,--,--,--,,,,,,,70,64,1,1,--,1,--,--,--,--,1,25,17,11,2,10,--,--,--,--,--,1,19,20,19,12,0,,,,,,,,,,,,,,,,,,,,,,,,,,
St Augustine's College  Springfield,Springfield,48,37,--,12,6,37,--,1,79%,100%,37,11,5,1,5,1,--,--,2,4,11,1,1,--,1,--,--,--,--,1,,,,,,,37,27,5,1,--,5,--,--,--,2,4,11,10,7,5,1,1,1,--,--,--,1,2,8,10,11,6,,,,,,,,,,,,,,,,,,,,,,,,,,
St Brendan's College,Yeppoon,97,72,1,49,7,47,--,12,86%,97%,72,38,3,24,28,--,--,--,--,--,24,11,4,8,4,--,--,--,--,--,,,,,,,47,45,15,1,3,13,--,--,--,--,--,49,27,34,6,29,19,--,--,--,--,--,2,17,13,15,0,,,,,,,,,,,,,,,,,,,,,,,,,,
St Columban's College,Caboolture,161,142,--,60,36,120,--,4,93%,92%,142,52,29,--,40,14,--,--,2,12,19,8,7,--,4,1,--,--,--,--,,,,,,,120,110,32,13,--,26,4,--,--,2,9,41,32,28,23,--,18,11,--,--,--,3,14,26,41,36,3,,,,,,,,,,,,,,,,,,,,,,,,,,
St Edmund's College,Woodend,136,119,--,75,20,83,--,4,94%,97%,119,66,15,39,58,--,1,--,--,4,17,9,5,4,5,--,--,--,--,2,,,,,,,83,78,29,--,9,26,--,1,--,--,3,53,41,46,20,34,37,--,--,--,--,3,13,24,29,16,1,,,,,,,,,,,,,,,,,,,,,,,,,,
St Francis College,Crestmead,54,37,--,15,1,20,--,14,74%,97%,37,12,1,4,6,3,--,--,--,9,17,3,--,2,--,1,--,--,--,4,,,,,,,20,20,6,--,1,5,1,--,--,--,4,34,17,9,1,5,1,3,--,--,--,9,0,2,2,9,7,,,,,,,,,,,,,,,,,,,,,,,,,,
St George State High School,St George,24,21,--,19,2,12,--,0,96%,80%,21,17,2,15,--,7,--,--,--,1,3,2,--,2,--,--,--,--,--,--,,,,,,,12,11,7,--,5,--,5,--,--,--,1,12,10,12,2,12,--,2,--,--,--,--,2,1,4,5,0,,,,,,,,,,,,,,,,,,,,,,,,,,
St Hilda's School,Southport,111,109,--,49,22,77,--,0,100%,98%,109,47,20,24,26,16,1,--,1,8,2,2,2,--,2,--,--,--,--,--,,,,,,,77,77,20,6,9,10,4,--,--,1,3,34,32,29,16,15,18,12,1,--,--,5,21,27,21,8,0,,,,,,,,,,,,,,,,,,,,,,,,,,
St James College,Brisbane,70,58,--,51,18,23,--,4,93%,90%,58,44,15,28,41,3,--,--,--,5,12,7,3,4,3,--,--,--,--,1,,,,,,,23,20,9,3,1,7,1,--,--,--,1,47,38,42,15,31,37,2,--,--,--,5,2,7,7,6,1,,,,,,,,,,,,,,,,,,,,,,,,,,
St John Fisher College,Bracken Ridge,68,64,--,28,7,50,--,2,94%,94%,64,28,7,14,20,5,--,--,--,5,,,,,,,,,,,,,,,,,50,48,13,4,4,10,--,--,--,--,2,18,16,15,3,10,10,5,--,--,--,3,11,7,19,13,0,,,,,,,,,,,,,,,,,,,,,,,,,,
St John's Anglican College,Forest Lake,107,91,1,36,6,89,--,2,93%,94%,91,28,5,20,9,2,--,--,1,7,15,7,1,5,2,--,--,--,--,2,1,1,--,1,--,--,89,79,22,2,16,6,1,--,--,1,5,17,12,13,4,9,5,1,--,--,--,4,20,19,30,20,0,,,,,,,,,,,,,,,,,,,,,,,,,,
St John's College  Nambour,Nambour,92,85,--,37,17,66,--,3,97%,98%,85,33,15,9,16,2,--,--,--,5,7,4,2,2,2,--,--,--,--,--,,,,,,,66,66,23,8,7,13,--,--,--,--,3,26,19,14,9,4,5,2,--,--,--,2,8,22,20,15,1,,,,,,,,,,,,,,,,,,,,,,,,,,
St John's School,Roma,30,20,--,22,9,17,--,1,90%,100%,20,15,4,12,9,--,--,--,--,--,10,7,5,2,2,--,--,--,--,1,,,,,,,17,14,10,--,8,5,--,--,--,--,--,13,6,12,9,6,6,--,--,--,--,1,5,3,3,6,0,,,,,,,,,,,,,,,,,,,,,,,,,,
St Joseph's College  Gregory Terrace,Brisbane,192,184,--,24,3,180,--,1,98%,97%,184,20,2,16,--,4,--,--,--,8,8,4,1,3,--,--,--,--,--,1,,,,,,,180,177,14,--,11,--,3,--,--,--,9,12,7,10,3,8,--,1,--,--,--,--,65,58,35,21,1,,,,,,,,,,,,,,,,,,,,,,,,,,
St Joseph's College  Toowoomba,Toowoomba,117,93,--,72,21,81,--,2,96%,98%,93,53,12,41,20,5,--,--,3,6,24,19,9,15,2,--,--,--,--,1,,,,,,,81,73,38,7,28,13,3,--,--,3,6,36,20,34,14,28,9,2,--,--,--,1,7,25,24,22,3,,,,,,,,,,,,,,,,,,,,,,,,,,
St Joseph's Nudgee College,Boondall,235,179,1,89,14,169,--,11,88%,96%,179,62,7,39,46,2,--,--,--,6,55,27,7,22,12,1,--,--,--,5,,,,,,,169,149,36,--,14,31,--,--,--,--,9,65,30,53,14,47,27,3,--,--,--,2,39,48,44,31,7,,,,,,,,,,,,,,,,,,,,,,,,,,
St Joseph's School  Stanthorpe,Stanthorpe,18,17,--,13,5,7,--,0,100%,100%,17,12,4,4,7,--,--,--,1,--,1,1,1,--,--,--,--,--,--,--,,,,,,,7,7,3,1,1,2,--,--,--,1,--,11,10,10,4,3,5,--,--,--,--,--,0,2,4,1,0,,,,,,,,,,,,,,,,,,,,,,,,,,
St Laurence's College,South Brisbane,175,158,--,32,12,136,--,3,92%,99%,158,29,10,20,3,1,--,--,1,8,17,3,2,--,1,1,--,--,--,2,,,,,,,136,125,6,1,3,2,--,--,--,1,6,39,33,26,11,17,2,2,--,--,--,4,30,53,33,17,3,,,,,,,,,,,,,,,,,,,,,,,,,,
St Luke's Anglican School,Bundaberg,49,41,--,15,2,42,--,0,90%,94%,41,12,2,10,3,--,--,--,1,1,8,3,--,3,--,--,--,--,--,--,,,,,,,42,37,9,1,7,3,--,--,--,1,1,7,4,6,1,6,--,--,--,--,--,--,9,12,12,9,0,,,,,,,,,,,,,,,,,,,,,,,,,,
St Margaret Mary's College,Hermit Park,111,103,--,28,8,83,--,4,94%,96%,103,27,8,10,23,2,--,--,2,8,8,1,--,1,--,--,--,--,--,--,,,,,,,83,80,12,4,3,11,1,--,--,2,3,28,23,16,4,8,12,1,--,--,--,5,11,17,26,22,7,,,,,,,,,,,,,,,,,,,,,,,,,,
St Margaret's Anglican Girls School,Ascot,136,126,--,33,8,113,--,1,98%,95%,126,26,8,7,15,7,--,--,--,6,10,7,--,4,3,--,--,--,--,3,,,,,,,113,107,19,4,10,6,2,--,--,--,4,23,19,14,4,1,12,5,--,--,--,5,34,39,23,15,2,,,,,,,,,,,,,,,,,,,,,,,,,,
St Mary's Catholic College  Woree,Woree,151,128,1,71,14,103,--,8,93%,96%,128,59,11,19,44,2,--,1,--,3,22,11,3,6,6,2,--,--,--,1,1,1,--,--,1,--,103,97,38,--,4,35,--,--,--,--,2,47,31,32,14,21,15,4,--,1,--,2,23,17,34,25,4,,,,,,,,,,,,,,,,,,,,,,,,,,
St Mary's College  Ipswich,Woodend,129,115,--,58,10,100,--,5,93%,97%,115,53,8,5,37,20,1,--,--,6,14,5,2,1,4,1,--,--,--,1,,,,,,,100,93,35,3,--,26,10,--,--,--,3,29,22,23,7,6,15,11,1,--,--,4,11,27,31,27,4,,,,,,,,,,,,,,,,,,,,,,,,,,
St Mary's College  Maryborough,Maryborough,65,58,--,37,9,41,--,3,94%,89%,58,34,7,2,30,2,--,--,--,3,7,3,2,--,2,--,--,--,--,1,,,,,,,41,40,20,6,--,17,2,--,--,--,2,24,18,17,3,2,15,--,--,--,--,2,9,13,10,9,0,,,,,,,,,,,,,,,,,,,,,,,,,,
St Mary's College  Toowoomba,Toowoomba,104,89,--,37,28,54,--,4,89%,97%,89,33,25,19,3,1,--,--,4,2,15,4,3,1,--,--,--,--,--,1,,,,,,,54,46,3,2,1,1,--,--,--,4,1,50,43,34,26,19,2,1,--,--,--,2,12,12,20,6,4,,,,,,,,,,,,,,,,,,,,,,,,,,
St Michael's College - Merrimac,Merrimac,123,96,--,76,12,65,--,9,89%,95%,96,62,8,29,39,23,--,--,5,11,27,14,4,8,7,2,--,--,1,3,,,,,,,65,58,28,1,5,21,8,--,--,6,5,58,38,48,11,32,25,17,--,--,--,9,7,16,16,19,7,,,,,,,,,,,,,,,,,,,,,,,,,,
St Monica's College,Cairns,96,77,--,19,8,78,--,7,83%,97%,77,16,6,--,11,2,--,3,--,6,19,3,2,--,1,--,--,--,--,4,,,,,,,78,69,11,2,--,8,2,--,1,--,3,18,8,8,6,--,4,--,--,2,--,7,16,21,19,21,1,,,,,,,,,,,,,,,,,,,,,,,,,,
St Patrick's College  Gympie,Gympie,77,67,1,26,5,65,--,3,92%,94%,67,22,5,9,13,1,--,--,--,3,9,4,--,3,2,--,--,--,--,--,,,,,,,65,61,19,4,5,12,--,--,--,--,2,11,6,7,1,7,3,1,--,--,--,1,12,26,12,13,2,,,,,,,,,,,,,,,,,,,,,,,,,,
St Patrick's College  Shorncliffe,Shorncliffe,117,102,--,66,9,70,--,2,97%,94%,102,54,9,53,22,1,1,--,--,9,15,12,--,12,2,--,--,--,--,--,,,,,,,70,68,22,--,22,10,--,--,--,--,3,47,34,44,9,43,14,1,1,--,--,6,16,17,24,9,4,,,,,,,,,,,,,,,,,,,,,,,,,,
St Patrick's College  Townsville,Townsville,52,48,--,21,3,31,--,1,96%,83%,48,19,3,--,19,--,--,--,--,3,4,2,--,--,2,--,--,--,--,--,,,,,,,31,29,4,2,--,4,--,--,--,--,1,21,19,17,1,--,17,--,--,--,--,2,6,5,7,9,4,,,,,,,,,,,,,,,,,,,,,,,,,,
St Patrick's Senior College  Mackay,Mackay,251,204,--,100,16,207,--,6,89%,94%,204,81,14,10,67,13,--,--,--,4,47,19,2,6,13,--,--,--,--,--,,,,,,,207,180,68,8,4,57,7,--,--,--,4,44,24,32,8,12,23,6,--,--,--,--,27,53,72,44,11,,,,,,,,,,,,,,,,,,,,,,,,,,
St Paul's School,Bald Hills,164,152,--,57,9,154,--,4,94%,97%,152,55,8,23,23,14,4,--,--,8,12,2,1,1,--,1,--,--,--,2,,,,,,,154,147,51,6,19,21,13,4,--,--,10,10,5,6,3,5,2,2,--,--,--,--,37,38,45,27,7,,,,,,,,,,,,,,,,,,,,,,,,,,
St Peter Claver College,Riverview,108,81,--,89,9,12,--,11,90%,99%,81,73,5,49,64,11,--,--,--,4,27,16,4,7,8,--,--,--,--,1,,,,,,,12,11,11,--,6,9,1,--,--,--,1,96,70,78,9,50,63,10,--,--,--,4,2,5,3,2,0,,,,,,,,,,,,,,,,,,,,,,,,,,
St Peters Lutheran College,Indooroopilly,246,213,1,30,6,216,17,2,93%,94%,213,16,3,11,10,3,--,--,1,13,32,13,3,13,7,--,--,--,--,5,1,1,--,1,1,--,216,197,19,3,14,12,3,--,--,1,16,10,0,10,3,10,5,--,--,--,--,1,57,68,55,31,5,,,,,,,,,,,,2,--,--,--,--,--,--,--,--,--,1,1,5,8,3
St Rita's College,Clayfield,149,143,--,55,1,132,--,0,100%,99%,143,49,1,14,45,1,--,--,--,5,6,6,--,3,5,--,--,--,--,--,,,,,,,132,132,40,--,11,38,--,--,--,--,3,17,11,15,1,6,12,1,--,--,--,2,33,49,32,18,0,,,,,,,,,,,,,,,,,,,,,,,,,,
St Saviour's College,Toowoomba,85,67,--,42,11,59,--,3,92%,86%,67,31,8,5,29,2,--,--,4,1,18,11,3,3,6,1,--,--,--,2,,,,,,,59,54,20,5,1,18,2,--,--,4,1,26,13,22,6,7,17,1,--,--,--,2,12,10,16,16,5,,,,,,,,,,,,,,,,,,,,,,,,,,
St Stephens Lutheran College,Gladstone,7,4,--,2,2,6,--,0,71%,100%,4,1,1,--,--,--,--,--,--,--,3,1,1,--,1,--,--,--,--,--,,,,,,,6,3,1,1,--,1,--,--,--,--,--,1,1,1,1,--,--,--,--,--,--,--,1,1,2,2,0,,,,,,,,,,,,,,,,,,,,,,,,,,
St Teresa's Catholic College,Noosaville,64,54,--,21,8,52,--,1,91%,93%,54,17,8,9,9,--,--,--,1,4,10,4,--,3,1,--,--,--,--,2,,,,,,,52,47,10,4,4,5,--,--,--,1,5,12,7,11,4,8,5,--,--,--,--,1,9,12,19,9,3,,,,,,,,,,,,,,,,,,,,,,,,,,
St Teresa's College  Abergowrie,Abergowrie,39,16,--,13,2,7,--,17,51%,71%,16,9,1,5,4,--,--,--,--,--,23,4,1,1,3,1,--,--,--,--,,,,,,,7,4,4,1,2,1,--,--,--,--,--,32,12,9,1,4,6,1,--,--,--,--,0,1,1,5,0,,,,,,,,,,,,,,,,,,,,,,,,,,
St Thomas More College,Sunnybank,57,33,--,34,8,41,--,2,81%,91%,33,21,3,8,15,1,--,--,--,1,24,13,5,5,8,--,--,--,--,4,,,,,,,41,25,20,2,8,12,--,--,--,--,3,16,8,14,6,5,11,1,--,--,--,2,0,8,11,10,12,,,,,,,,,,,,,,,,,,,,,,,,,,
St Ursula's College,Yeppoon,95,87,--,50,12,60,--,4,96%,98%,87,46,11,3,41,4,--,--,--,1,8,4,1,1,3,--,--,--,--,1,,,,,,,60,60,22,3,1,18,2,--,--,--,--,35,27,28,9,3,26,2,--,--,--,2,13,14,21,11,1,,,,,,,,,,,,,,,,,,,,,,,,,,
St Ursula's College  Toowoomba,Toowoomba,148,138,--,74,16,109,--,6,96%,91%,138,70,15,1,56,19,1,--,2,12,10,4,1,--,2,1,--,--,--,1,,,,,,,109,107,50,8,1,43,4,1,--,2,4,39,31,24,8,--,15,16,--,--,--,9,23,33,28,21,4,,,,,,,,,,,,,,,,,,,,,,,,,,
Stanthorpe State High School,Stanthorpe,101,72,--,69,26,59,--,4,93%,89%,72,47,16,19,40,11,--,--,--,2,29,22,10,16,14,2,--,--,--,--,,,,,,,59,50,31,6,6,25,7,--,--,--,1,42,22,38,20,29,29,6,--,--,--,1,10,13,18,14,4,,,,,,,,,,,,,,,,,,,,,,,,,,
Stuartholme School,Toowong,146,138,--,55,2,94,--,5,96%,96%,138,53,2,--,24,34,--,--,--,15,8,2,--,--,1,2,--,--,--,3,,,,,,,94,93,23,--,--,19,4,--,--,--,7,52,45,32,2,--,6,32,--,--,--,11,23,36,29,5,1,,,,,,,,,,,,,,,,,,,,,,,,,,
Suncoast Christian College,Woombye,65,56,--,35,15,48,--,2,91%,87%,56,32,14,11,12,8,--,--,4,3,9,3,1,2,--,--,--,--,--,--,,,,,,,48,44,21,8,5,10,3,--,--,3,1,17,12,14,7,8,2,5,--,--,1,2,9,13,16,8,2,,,,,,,,,,,,,,,,,,,,,,,,,,
Sunnybank Special School,Sunnybank,5,--,5,--,--,--,--,0,--,--,,,,,,,,,,,,,,,,,,,,,,,,,,,,,,,,,,,,,,,,,,,,,,,,,,,,,,,,,,,,,,,,,,,,,,,,,,,,,,,
Sunnybank State High School,Sunnybank,138,91,--,121,18,62,--,10,91%,87%,91,86,14,83,14,5,--,--,--,11,47,35,4,35,2,--,--,--,--,10,,,,,,,62,50,58,8,58,8,3,--,--,--,13,76,41,63,10,60,8,2,--,--,--,8,5,8,15,13,21,,,,,,,,,,,,,,,,,,,,,,,,,,
Sunshine Beach State High School,Sunshine Beach,202,131,6,134,29,97,--,6,94%,94%,131,75,18,39,45,25,1,--,1,12,65,55,10,30,19,25,--,--,--,4,6,4,1,2,--,1,97,88,38,10,19,15,5,--,--,1,7,99,43,92,18,50,49,45,1,--,--,9,11,26,30,24,6,,,,,,,,,,,,,,,,,,,,,,,,,,
Sunshine Coast Grammar School,Forest Glen,105,95,--,39,15,99,--,0,94%,97%,95,35,12,25,7,3,1,--,2,1,10,4,3,1,1,--,--,--,2,--,,,,,,,99,92,33,10,25,6,3,1,--,3,1,6,3,6,5,1,2,--,--,--,1,--,19,31,20,25,4,,,,,,,,,,,,,,,,,,,,,,,,,,
TAFE Queensland Brisbane,Alexandra Hills,78,35,--,33,4,10,--,27,63%,95%,35,19,1,3,10,9,1,--,--,11,43,14,3,7,4,2,--,--,--,10,,,,,,,10,8,3,--,--,3,--,--,--,--,3,68,27,30,4,10,11,11,1,--,--,18,1,5,2,2,0,,,,,,,,,,,,,,,,,,,,,,,,,,
Tagai State College,Thursday Island,59,16,--,20,7,10,--,30,49%,82%,16,7,2,3,2,4,--,--,--,1,43,13,5,3,6,3,--,--,--,--,,,,,,,10,10,3,--,1,1,1,--,--,--,--,49,6,17,7,5,7,6,--,--,--,1,0,5,3,2,0,,,,,,,,,,,,,,,,,,,,,,,,,,
Tamborine Mountain College,North Tamborine,25,20,--,13,11,23,--,1,88%,88%,20,11,9,2,1,3,--,--,1,--,5,2,2,--,1,--,--,--,--,--,,,,,,,23,20,12,10,2,1,3,--,--,1,--,2,0,1,1,--,1,--,--,--,--,--,4,4,6,6,3,,,,,,,,,,,,,,,,,,,,,,,,,,
Tamborine Mountain State High School,North Tamborine,84,76,--,82,20,35,--,1,99%,94%,76,75,17,72,26,10,--,--,1,8,8,7,3,6,3,--,--,--,--,1,,,,,,,35,35,34,3,33,1,2,--,--,1,1,49,41,48,17,45,28,8,--,--,--,8,9,7,16,3,0,,,,,,,,,,,,,,,,,,,,,,,,,,
Tannum Sands State High School,Tannum Sands,165,118,--,88,16,99,--,4,87%,94%,118,63,9,51,35,8,--,--,--,4,47,25,7,17,11,2,--,--,--,2,,,,,,,99,80,33,6,23,15,6,--,--,--,2,66,38,55,10,45,31,4,--,--,--,4,13,22,31,23,10,,,,,,,,,,,,,,,,,,,,,,,,,,
Tara Shire State College,Tara,27,9,3,10,4,9,--,9,59%,100%,9,3,1,--,2,1,--,--,3,1,15,5,2,1,3,--,--,--,--,--,3,2,1,2,--,--,9,7,2,1,--,1,1,--,--,3,1,15,2,6,2,1,4,--,--,--,--,--,1,2,3,3,0,,,,,,,,,,,,,,,,,,,,,,,,,,
Tec-NQ,Douglas,123,112,--,123,106,--,--,0,100%,--,112,112,99,1,112,1,--,--,--,2,11,11,7,--,10,1,--,--,--,--,,,,,,,,,,,,,,,,,,,,,,,,,,,,,,,,,,,,,,,,,,,,,,,,,,,,,,,,,,,
The Cathedral College  Rockhampton,Rockhampton,134,113,1,82,27,83,--,6,93%,87%,113,71,24,30,59,4,--,--,--,3,20,11,3,4,8,--,--,--,--,2,,,,,,,83,75,48,5,12,45,2,--,--,--,2,50,38,34,22,22,22,2,--,--,--,3,7,20,24,24,8,,,,,,,,,,,,,,,,,,,,,,,,,,
The Cathedral School,Mundingburra,92,77,--,21,8,76,--,2,96%,97%,77,10,2,6,3,1,--,--,--,4,15,11,6,6,--,--,--,--,--,--,,,,,,,76,71,9,--,8,1,1,--,--,--,2,16,6,12,8,4,2,--,--,--,--,2,18,24,15,11,8,,,,,,,,,,,,,,,,,,,,,,,,,,
The Centre Education Programme,Kingston,11,--,5,8,--,--,--,1,73%,--,,,,,,,,,,,6,5,--,4,2,--,--,--,--,--,5,3,--,3,--,--,,,,,,,,,,,,,,,,,,,,,,,,,,,,,,,,,,,,,,,,,,,,,,,,,,,,,
The Gap State High School,The Gap,136,109,--,21,9,113,--,10,83%,97%,109,17,5,--,9,5,1,--,1,12,27,4,4,--,--,--,--,--,--,6,,,,,,,113,100,11,4,--,6,3,--,--,1,14,23,9,10,5,--,3,2,1,--,--,4,26,32,25,18,12,,,,,,,,,,,,,,,,,,,,,,,,,,
The Glenleighden School,Fig Tree Pocket,2,--,2,1,1,--,--,0,50%,--,,,,,,,,,,,,,,,,,,,,,2,1,1,--,--,--,,,,,,,,,,,,,,,,,,,,,,,,,,,,,,,,,,,,,,,,,,,,,,,,,,,,,
The Glennie School,Toowoomba,71,67,--,35,11,64,--,1,97%,93%,67,33,11,4,29,1,1,--,2,3,4,2,--,1,2,--,--,--,--,--,,,,,,,64,62,29,10,4,25,--,1,--,2,2,7,5,6,1,1,6,1,--,--,--,1,14,21,18,9,2,,,,,,,,,,,,,,,,,,,,,,,,,,
The Kooralbyn International School,Kooralbyn,9,4,--,1,--,3,--,3,44%,100%,4,1,--,--,--,1,--,--,--,--,,,,,,,,,,,,,,,,,,,,,,,,,,,,6,3,1,--,--,--,1,--,--,--,--,0,0,1,1,1,,,,,,,,,,,,,,,,,,,,,,,,,,
The Rockhampton Grammar School,Rockhampton,149,132,--,51,12,108,--,9,93%,98%,132,45,9,13,30,4,--,--,--,2,17,6,3,4,4,--,--,--,--,1,,,,,,,108,106,32,3,6,24,2,--,--,--,2,41,26,19,9,11,10,2,--,--,--,1,25,42,26,14,1,,,,,,,,,,,,,,,,,,,,,,,,,,
The School of Total Education,Warwick,13,13,--,--,--,13,--,0,100%,100%,13,--,--,--,--,--,--,--,--,2,,,,,,,,,,,,,,,,,13,13,--,--,--,--,--,--,--,--,2,,,,,,,,,,,,7,2,4,0,0,,,,,,,,,,,,,,,,,,,,,,,,,,
The Southport School,Southport,144,127,--,33,17,88,--,5,94%,95%,127,24,13,1,20,1,--,--,1,4,17,9,4,--,8,--,--,--,--,2,,,,,,,88,83,7,2,--,6,--,--,--,--,3,56,44,26,15,1,22,1,--,--,1,3,23,27,21,17,0,,,,,,,,,,,,,,,,,,,,,,,,,,
Thuringowa State High School,Condon,45,26,2,41,2,15,--,3,91%,100%,26,26,1,26,10,1,--,--,--,2,17,13,1,12,5,--,--,--,--,--,2,2,--,2,--,--,15,12,14,1,14,2,1,--,--,--,--,28,14,25,1,24,13,--,--,--,--,2,1,0,8,5,1,,,,,,,,,,,,,,,,,,,,,,,,,,
Toogoolawah State High School,Toogoolawah,48,30,2,31,12,25,--,4,81%,93%,30,22,10,5,21,4,--,--,--,1,16,9,2,2,6,--,--,--,--,1,,,,,,,25,19,16,5,2,14,4,--,--,--,2,21,11,15,7,5,13,--,--,--,--,--,2,5,7,5,6,,,,,,,,,,,,,,,,,,,,,,,,,,
Toolooa State High School,South Gladstone,116,69,1,61,8,65,--,15,78%,100%,69,39,4,26,16,2,1,--,1,3,46,22,4,14,7,1,--,--,--,1,,,,,,,65,49,32,3,22,13,1,--,--,1,2,50,20,29,5,18,10,2,1,--,--,2,9,12,20,19,5,,,,,,,,,,,,,,,,,,,,,,,,,,
Toowoomba Grammar School,Toowoomba,139,124,--,35,28,109,--,3,94%,95%,124,29,23,4,20,7,--,--,--,2,15,6,5,--,1,--,--,--,--,1,,,,,,,109,102,8,4,1,4,3,--,--,--,3,30,22,27,24,3,17,4,--,--,--,--,29,36,32,11,1,,,,,,,,,,,,,,,,,,,,,,,,,,
Toowoomba State High School,Toowoomba,214,153,--,135,40,119,--,0,95%,96%,153,86,30,43,50,13,--,--,6,12,61,49,10,43,13,2,--,--,--,2,,,,,,,119,103,41,10,6,32,8,--,--,6,8,95,50,94,30,80,31,7,--,--,--,6,15,34,38,24,8,,,,,,,,,,,,,,,,,,,,,,,,,,
Townsville Community Learning Centre,Mundingburra,6,--,6,--,--,--,--,0,--,--,,,,,,,,,,,,,,,,,,,,,,,,,,,,,,,,,,,,,,,,,,,,,,,,,,,,,,,,,,,,,,,,,,,,,,,,,,,,,,,
Townsville Flexible Learning Centre,West End,2,--,--,1,--,--,--,1,50%,--,,,,,,,,,,,2,1,--,1,1,--,--,--,--,--,,,,,,,,,,,,,,,,,,,,,,,,,,,,,,,,,,,,,,,,,,,,,,,,,,,,,,,,,,,
Townsville Grammar School,Townsville,151,139,--,31,3,147,--,0,93%,95%,139,30,3,22,15,--,--,--,--,8,12,1,--,1,1,--,--,--,--,1,,,,,,,147,136,29,2,22,15,--,--,--,--,9,4,3,2,1,1,1,--,--,--,--,--,40,37,32,28,10,,,,,,,,,,,,,,,,,,,,,,,,,,
Townsville State High School,Railway Estate,82,43,1,23,2,50,--,13,68%,95%,43,10,--,6,4,--,--,--,--,1,38,13,2,4,7,1,--,--,--,--,,,,,,,50,36,6,1,--,5,--,--,--,--,--,31,7,17,1,10,6,1,--,--,--,1,9,18,8,10,5,,,,,,,,,,,,,,,,,,,,,,,,,,
Trinity Anglican School,White Rock,96,90,--,16,4,94,--,1,95%,99%,90,15,3,--,14,1,--,--,--,2,6,1,1,--,--,--,--,--,--,--,,,,,,,94,90,15,3,--,14,1,--,--,--,2,2,0,1,1,--,--,--,--,--,--,--,20,23,24,25,2,,,,,,,,,,,,,,,,,,,,,,,,,,
Trinity Bay State High School,Manunda Cairns,219,167,1,78,25,112,--,28,84%,90%,167,61,19,9,30,28,1,1,--,12,51,16,6,4,7,7,--,--,--,--,1,1,--,1,--,--,112,105,24,3,1,15,9,--,--,--,4,106,62,53,22,12,22,26,1,1,--,8,9,29,33,35,6,,,,,,,,,,,,,,,,,,,,,,,,,,
Trinity College (Beenleigh),Beenleigh,129,116,--,93,26,71,--,1,98%,95%,116,82,23,44,78,3,--,--,--,10,13,11,3,7,11,--,--,--,--,1,,,,,,,71,69,37,5,14,35,2,--,--,--,4,58,47,56,21,37,54,1,--,--,--,7,10,18,27,15,1,,,,,,,,,,,,,,,,,,,,,,,,,,
Trinity Lutheran College,Ashmore,144,133,--,68,9,115,--,1,98%,94%,133,60,7,30,54,8,--,--,1,15,11,8,2,6,3,1,--,--,--,1,,,,,,,115,112,41,--,12,37,2,--,--,1,7,29,21,27,9,24,20,7,--,--,--,9,24,38,26,22,5,,,,,,,,,,,,,,,,,,,,,,,,,,
Tullawong State High School,Caboolture,199,130,--,128,36,87,--,8,90%,89%,130,78,26,32,32,23,--,--,--,9,69,50,10,28,15,3,--,--,--,5,,,,,,,87,69,30,15,3,12,12,--,--,--,7,112,61,98,21,57,35,14,--,--,--,7,8,19,27,23,10,,,,,,,,,,,,,,,,,,,,,,,,,,
Tully State High School,Tully,88,55,--,61,16,42,--,9,86%,92%,55,40,12,17,31,11,--,--,--,1,33,21,4,9,14,1,--,--,--,1,,,,,,,42,37,24,8,9,14,8,--,--,--,1,46,18,37,8,17,31,4,--,--,--,1,8,13,11,6,4,,,,,,,,,,,,,,,,,,,,,,,,,,
Upper Coomera State College,Upper Coomera,128,72,--,127,24,53,--,1,99%,87%,72,72,9,72,19,--,1,--,5,15,56,55,15,55,9,4,--,--,--,8,,,,,,,53,41,53,4,53,11,--,1,--,5,7,75,31,74,20,74,17,4,--,--,--,16,3,9,20,19,2,,,,,,,,,,,,,,,,,,,,,,,,,,
Urangan State High School,Urangan,239,145,2,90,10,101,--,46,71%,90%,145,66,5,7,45,19,3,--,4,13,92,23,5,10,7,4,--,--,--,1,2,1,--,1,--,--,101,77,19,1,--,15,1,2,--,4,5,136,68,70,9,17,37,22,1,--,--,9,10,17,33,32,9,,,,,,,,,,,,,,,,,,,,,,,,,,
Varsity College,Varsity Lakes,171,125,--,102,24,101,--,1,95%,90%,125,65,19,32,50,8,--,--,3,6,46,37,5,27,21,--,1,--,1,6,,,,,,,101,90,33,5,10,20,2,--,--,3,4,70,35,69,19,49,51,6,1,--,1,8,16,22,28,31,4,,,,,,,,,,,,,,,,,,,,,,,,,,
Victoria Point State High School,Victoria Point,173,132,--,135,27,93,--,7,92%,96%,132,108,21,27,87,17,--,--,--,19,41,27,6,15,15,1,--,--,--,4,,,,,,,93,77,64,9,13,51,11,--,--,--,12,80,55,71,18,29,51,7,--,--,--,11,13,12,30,30,8,,,,,,,,,,,,,,,,,,,,,,,,,,
Victory College,Gympie,11,7,--,4,1,8,--,1,73%,100%,7,3,1,1,3,--,--,--,--,--,4,1,--,1,1,--,--,--,--,--,,,,,,,8,6,2,1,--,2,--,--,--,--,--,3,1,2,--,2,2,--,--,--,--,--,1,0,3,3,1,,,,,,,,,,,,,,,,,,,,,,,,,,
Villanova College,Coorparoo,139,128,--,16,10,122,--,1,94%,97%,128,14,9,--,7,2,--,--,--,21,11,2,1,--,1,--,--,--,--,3,,,,,,,122,114,6,1,--,4,2,--,--,--,19,17,14,10,9,--,4,--,--,--,--,5,28,30,26,29,9,,,,,,,,,,,,,,,,,,,,,,,,,,
Warwick State High School,Warwick,149,89,--,81,27,65,--,15,85%,100%,89,43,11,18,33,1,--,--,--,5,60,38,16,14,25,2,--,--,--,1,,,,,,,65,55,21,2,2,19,--,--,--,--,1,84,34,60,25,30,39,3,--,--,--,5,11,12,22,18,2,,,,,,,,,,,,,,,,,,,,,,,,,,
Wavell State High School,Wavell Heights,246,171,--,110,34,132,--,15,84%,92%,171,74,19,52,20,16,--,--,--,7,75,36,15,24,7,5,--,--,--,7,,,,,,,132,107,15,4,--,8,6,--,--,--,7,114,64,95,30,76,19,15,--,--,--,7,19,38,41,27,7,,,,,,,,,,,,,,,,,,,,,,,,,,
Wellington Point State High School,Wellington Point,149,107,4,103,20,82,--,2,93%,93%,107,71,15,23,64,8,2,--,3,18,38,30,5,17,23,--,--,--,--,4,4,2,--,1,2,--,82,70,43,5,5,38,5,1,--,3,13,63,37,58,15,35,49,3,1,--,--,9,10,22,23,22,5,,,,,,,,,,,,,,,,,,,,,,,,,,
West Moreton Anglican College,Karrabin,134,115,--,61,19,103,--,2,93%,95%,115,51,15,14,32,6,2,--,--,7,19,10,4,4,2,2,1,--,--,1,,,,,,,103,96,34,7,4,26,3,2,--,--,4,31,19,27,12,14,8,5,1,--,--,4,21,28,35,15,4,,,,,,,,,,,,,,,,,,,,,,,,,,
Western Cape College,Weipa,29,8,2,22,4,3,--,5,76%,100%,8,8,--,8,1,--,--,--,--,--,19,13,4,12,2,--,--,--,--,--,2,1,--,1,--,--,3,2,2,--,2,--,--,--,--,--,--,24,6,19,4,18,3,--,--,--,--,--,1,0,1,1,0,,,,,,,,,,,,,,,,,,,,,,,,,,
Western Suburbs State Special School,Durack,7,--,7,2,--,--,--,0,29%,--,,,,,,,,,,,,,,,,,,,,,7,2,--,2,--,--,,,,,,,,,,,,,,,,,,,,,,,,,,,,,,,,,,,,,,,,,,,,,,,,,,,,,
Westside Christian College,Goodna,69,58,1,38,6,58,--,1,91%,87%,58,33,4,14,16,3,--,--,1,2,10,4,2,2,2,--,1,--,--,1,1,1,--,--,1,--,58,53,28,3,10,16,2,--,--,1,3,10,5,9,3,6,2,1,1,--,--,--,11,12,20,11,4,,,,,,,,,,,,,,,,,,,,,,,,,,
Whites Hill State College,Camp Hill,57,43,--,38,19,28,--,3,91%,83%,43,29,13,9,22,6,--,--,4,10,14,9,6,3,4,1,--,--,1,2,,,,,,,28,21,13,7,2,11,4,--,--,4,3,29,22,25,12,10,15,3,--,--,1,9,2,3,12,11,0,,,,,,,,,,,,,,,,,,,,,,,,,,
Whitsunday Anglican School,Beaconsfield,65,60,--,16,1,65,--,0,95%,96%,60,14,1,--,14,1,--,--,--,1,5,2,--,--,2,--,--,--,--,1,,,,,,,65,60,16,1,--,16,1,--,--,--,2,,,,,,,,,,,,20,17,18,8,2,,,,,,,,,,,,,,,,,,,,,,,,,,
Whitsunday Christian College,Cannonvale,15,14,--,12,2,12,--,0,93%,83%,14,12,2,--,11,3,--,--,--,1,,,,,,,,,,,,,,,,,12,11,9,--,--,9,1,--,--,--,--,3,3,3,2,--,2,2,--,--,--,1,1,4,4,3,0,,,,,,,,,,,,,,,,,,,,,,,,,,
William Ross State High School,Annandale,147,102,3,51,7,75,--,29,72%,94%,102,47,7,2,42,1,--,--,--,3,42,4,--,2,2,--,--,--,--,1,,,,,,,75,66,31,3,1,30,--,--,--,--,2,69,36,20,4,3,14,1,--,--,--,2,5,17,28,14,11,,,,,,,,,,,,,,,,,,,,,,,,,,
Windaroo Valley State High School,Bahrs Scrub,144,81,--,134,34,68,--,0,98%,90%,81,74,21,70,37,9,1,--,--,10,63,60,13,56,15,3,--,--,1,7,,,,,,,68,47,58,15,52,20,3,1,--,1,8,76,34,76,19,74,32,9,--,--,--,9,4,10,23,25,6,,,,,,,,,,,,,,,,,,,,,,,,,,
Winton State School,Winton,2,1,--,1,1,1,--,1,50%,100%,1,1,1,--,--,--,--,--,--,--,,,,,,,,,,,,,,,,,1,1,1,1,--,--,--,--,--,--,--,,,,,,,,,,,,0,0,0,1,0,,,,,,,,,,,,,,,,,,,,,,,,,,
Woodcrest State College,Springfield,115,60,--,75,12,41,--,13,83%,98%,60,39,7,10,35,6,--,--,--,9,55,36,5,3,34,2,--,--,--,5,,,,,,,41,31,15,3,2,12,3,--,--,--,6,74,29,60,9,11,57,5,--,--,--,8,2,5,10,11,13,,,,,,,,,,,,,,,,,,,,,,,,,,
Woodridge State High School,Woodridge,115,36,1,99,7,35,--,6,90%,100%,36,32,2,26,21,6,--,--,--,5,78,67,5,65,25,3,--,--,--,8,,,,,,,35,20,26,1,23,12,--,--,--,--,4,79,16,73,6,68,34,9,--,--,--,9,3,4,7,7,14,,,,,,,,,,,,,,,,,,,,,,,,,,
Woody Point Special School,Woody Point,4,--,4,--,--,--,--,0,--,--,,,,,,,,,,,,,,,,,,,,,,,,,,,,,,,,,,,,,,,,,,,,,,,,,,,,,,,,,,,,,,,,,,,,,,,,,,,,,,,
Woree State High School,Woree,82,34,--,44,14,30,--,20,71%,90%,34,20,5,11,12,3,--,--,--,--,48,24,9,16,6,1,--,--,--,--,,,,,,,30,24,14,1,4,12,1,--,--,--,--,52,10,30,13,23,6,3,--,--,--,--,0,7,7,10,6,,,,,,,,,,,,,,,,,,,,,,,,,,
Wynnum State High School,Manly,150,102,--,99,20,81,--,16,85%,89%,102,73,14,16,61,15,1,--,--,6,48,26,6,14,12,2,--,--,--,4,,,,,,,81,66,46,8,6,40,5,1,--,--,7,69,36,53,12,24,33,12,--,--,--,3,9,11,21,27,13,,,,,,,,,,,,,,,,,,,,,,,,,,
Xavier Catholic College,Hervey Bay,83,70,--,22,2,64,--,5,87%,89%,70,20,2,--,16,3,--,--,--,--,13,2,--,--,1,1,--,--,--,1,,,,,,,64,57,13,--,--,11,2,--,--,--,1,19,13,9,2,--,6,2,--,--,--,--,9,20,18,14,3,,,,,,,,,,,,,,,,,,,,,,,,,,
Yeppoon State High School,Yeppoon,135,60,1,71,11,52,--,32,73%,87%,60,33,3,12,25,2,--,--,1,1,74,37,8,24,15,1,--,--,1,5,1,1,--,1,--,--,52,42,25,1,7,21,1,--,--,2,1,82,18,45,10,29,19,2,--,--,--,5,6,16,10,14,6,,,,,,,,,,,,,,,,,,,,,,,,,,
Yeronga State High School,Yeronga,100,47,--,75,9,34,--,7,89%,95%,47,33,6,21,22,4,--,--,--,7,53,42,3,36,11,1,--,--,--,10,,,,,,,34,26,17,2,5,11,--,--,--,--,5,66,21,58,7,52,22,5,--,--,--,12,3,4,6,9,12,,,,,,,,,,,,,,,,,,,,,,,,,,
